
insert into restaurant (id, restaurant_code, name, added, restaurant_owner_id, is_active) values (-1, '1J0PiI13-59xl-EnM3-L00X-55q82uSyhbdr', 'def_restaurant01', '2024-04-05 11:24:34.400663+02', -1, true);
insert into restaurant (id, restaurant_code, name, added, restaurant_owner_id, is_active) values (-2, 'a6nz6lKE-kl24-6DJG-huo1-83Y0DPrBubmF', 'def_restaurant02', '2024-04-05 12:24:34.400663+02', -1, true);
insert into restaurant (id, restaurant_code, name, added, restaurant_owner_id, is_active) values (-3, '66r6jgFy-dT1a-xY7q-k7BM-IcSfpyRz920d', 'def_restaurant03', '2024-04-05 13:24:34.400663+02', -1, true);
insert into restaurant (id, restaurant_code, name, added, restaurant_owner_id, is_active) values (-4, 'SpP42aB0-1Ep6-K7hX-nWmq-waNNKr755pNO', 'def_restaurant04', '2024-04-05 14:24:34.400663+02', -1, true);
insert into restaurant (id, restaurant_code, name, added, restaurant_owner_id, is_active) values (-5, '288QzXFu-L5kh-UNbv-kAau-LrAxl23pV2ia', 'def_restaurant05', '2024-04-05 15:24:34.400663+02', -1, true);
insert into restaurant (id, restaurant_code, name, added, restaurant_owner_id, is_active) values (-6, 'MPu3B5AX-cVYB-MoJ8-69al-zc168kB46YM3', 'def_restaurant06', '2024-04-05 16:24:34.400663+02', -1, true);
insert into restaurant (id, restaurant_code, name, added, restaurant_owner_id, is_active) values (-7, '4CNR0lK1-8PUG-1aOn-GLlm-8cT47K9nYg5C', 'def_restaurant07', '2024-04-05 17:24:34.400663+02', -1, true);
insert into restaurant (id, restaurant_code, name, added, restaurant_owner_id, is_active) values (-8, 'WEmj2Wcy-giI7-vF3g-HQVg-rxjVz6Nh7k79', 'def_restaurant08', '2024-04-05 18:24:34.400663+02', -1, true);
insert into restaurant (id, restaurant_code, name, added, restaurant_owner_id, is_active) values (-9, 'jNgE7Kd1-Lo3V-Lf8x-Gt5a-5995T3e2T746', 'def_restaurant09', '2024-04-05 19:24:34.400663+02', -1, true);
insert into restaurant (id, restaurant_code, name, added, restaurant_owner_id, is_active) values (-10, 'L87pDL54-Ydw8-i820-x81B-4yRYpZ99YHIF', 'def_restaurant10', '2024-04-05 20:24:34.400663+02', -1, true);
insert into restaurant (id, restaurant_code, name, added, restaurant_owner_id, is_active) values (-11, 'AD625h5r-WKPi-TO5e-E4p5-qySNY30vA1MK', 'def_restaurant11', '2024-04-05 21:24:34.400663+02', -1, true);
insert into restaurant (id, restaurant_code, name, added, restaurant_owner_id, is_active) values (-12, '3Q9z8O93-0JgT-9k9n-654V-p19hqp4mFL43', 'def_restaurant12', '2024-04-05 22:24:34.400663+02', -1, true);
insert into restaurant (id, restaurant_code, name, added, restaurant_owner_id, is_active) values (-13, 'ny335jWY-AY4g-Spjd-jb81-43OGchGg42O1', 'def_restaurant13', '2024-04-05 23:24:34.400663+02', -1, true);
insert into restaurant (id, restaurant_code, name, added, restaurant_owner_id, is_active) values (-14, 'a6gJx2uj-c9z2-qsyg-KV0k-c9R2wWETuNBc', 'def_restaurant14', '2024-04-06 11:24:34.400663+02', -1, true);
insert into restaurant (id, restaurant_code, name, added, restaurant_owner_id, is_active) values (-15, 'WwZh7U4Z-lKRF-NnyQ-317J-cWT6OuKQee02', 'def_restaurant15', '2024-04-06 12:24:34.400663+02', -1, true);
insert into restaurant (id, restaurant_code, name, added, restaurant_owner_id, is_active) values (-16, 'MS04yK8G-F5A3-UMq8-8BY5-940wA7X1r84C', 'def_restaurant16', '2024-04-06 13:24:34.400663+02', -1, true);
insert into restaurant (id, restaurant_code, name, added, restaurant_owner_id, is_active) values (-17, '3Ro6LQEW-288x-nmYr-n2P3-198jcq90w0IA', 'def_restaurant17', '2024-04-06 14:24:34.400663+02', -1, true);
insert into restaurant (id, restaurant_code, name, added, restaurant_owner_id, is_active) values (-18, '49002lu5-rw60-08L9-YqwU-7898AnqF5127', 'def_restaurant18', '2024-04-06 15:24:34.400663+02', -1, true);
insert into restaurant (id, restaurant_code, name, added, restaurant_owner_id, is_active) values (-19, 'isU0K3kN-H4sv-I4v5-RXOb-081a382190b8', 'def_restaurant19', '2024-04-06 16:24:34.400663+02', -1, true);
insert into restaurant (id, restaurant_code, name, added, restaurant_owner_id, is_active) values (-20, 'Q59xG6kP-D34v-NkCj-rn8a-ExQ6H61UTGZw', 'def_restaurant20', '2024-04-06 17:24:34.400663+02', -1, true);
insert into restaurant (id, restaurant_code, name, added, restaurant_owner_id, is_active) values (-21, 'i9Uut7Uv-JEmw-l1y5-kOjp-47hHJAGrO241', 'def_restaurant21', '2024-04-06 18:24:34.400663+02', -1, true);
insert into restaurant (id, restaurant_code, name, added, restaurant_owner_id, is_active) values (-22, 'F51N5hPx-a9j2-2T6I-26Jj-rL120VgmB3YY', 'def_restaurant22', '2024-04-04 11:24:34.400663+02', -1, true);
insert into restaurant (id, restaurant_code, name, added, restaurant_owner_id, is_active) values (-23, '3rFcaoll-c6Fk-RkfE-Njf2-H3V6W8wFbg6J', 'def_restaurant23', '2024-04-04 12:24:34.400663+02', -1, true);
insert into restaurant (id, restaurant_code, name, added, restaurant_owner_id, is_active) values (-24, '3bJ8eF25-7M39-iXl5-24is-kHU6k5Ex4RBA', 'def_restaurant24', '2024-04-04 13:24:34.400663+02', -1, true);
insert into restaurant (id, restaurant_code, name, added, restaurant_owner_id, is_active) values (-25, 'mcmDg56r-3XHY-TNcd-Xtoy-847oztw4LrE1', 'def_restaurant25', '2024-04-04 14:24:34.400663+02', -1, true);
insert into restaurant (id, restaurant_code, name, added, restaurant_owner_id, is_active) values (-26, '1RozZvMx-D65R-dwVM-YVz0-Tq1941ncib5W', 'def_restaurant26', '2024-04-04 15:24:34.400663+02', -1, true);

insert into served_address (id, city, street, restaurant_id) values (-1, 'my_city', 'my_street', -1);
insert into served_address (id, city, street, restaurant_id) values (-2, 'my_city', 'my_street', -2);
insert into served_address (id, city, street, restaurant_id) values (-3, 'my_city', 'my_street', -3);
insert into served_address (id, city, street, restaurant_id) values (-4, 'my_city', 'my_street', -4);
insert into served_address (id, city, street, restaurant_id) values (-5, 'my_city', 'my_street', -5);
insert into served_address (id, city, street, restaurant_id) values (-6, 'my_city', 'my_street', -6);
insert into served_address (id, city, street, restaurant_id) values (-7, 'my_city', 'my_street', -7);
insert into served_address (id, city, street, restaurant_id) values (-8, 'my_city', 'my_street', -8);
insert into served_address (id, city, street, restaurant_id) values (-9, 'my_city', 'my_street', -9);
insert into served_address (id, city, street, restaurant_id) values (-10, 'my_city', 'my_street', -10);
insert into served_address (id, city, street, restaurant_id) values (-11, 'my_city', 'my_street', -11);
insert into served_address (id, city, street, restaurant_id) values (-12, 'my_city', 'my_street', -12);
insert into served_address (id, city, street, restaurant_id) values (-13, 'my_city', 'my_street', -13);
insert into served_address (id, city, street, restaurant_id) values (-14, 'my_city', 'my_street', -14);
insert into served_address (id, city, street, restaurant_id) values (-15, 'my_city', 'my_street', -15);
insert into served_address (id, city, street, restaurant_id) values (-16, 'my_city', 'my_street', -16);
insert into served_address (id, city, street, restaurant_id) values (-17, 'my_city', 'my_street', -17);
insert into served_address (id, city, street, restaurant_id) values (-18, 'my_city', 'my_street', -18);
insert into served_address (id, city, street, restaurant_id) values (-19, 'my_city', 'my_street', -19);
insert into served_address (id, city, street, restaurant_id) values (-20, 'my_city', 'my_street', -20);
insert into served_address (id, city, street, restaurant_id) values (-21, 'my_city', 'my_street', -21);
insert into served_address (id, city, street, restaurant_id) values (-22, 'my_city', 'my_street', -22);
insert into served_address (id, city, street, restaurant_id) values (-23, 'my_city', 'my_street', -23);
insert into served_address (id, city, street, restaurant_id) values (-24, 'my_city', 'my_street', -24);
insert into served_address (id, city, street, restaurant_id) values (-25, 'my_city', 'my_street', -25);
insert into served_address (id, city, street, restaurant_id) values (-26, 'my_city', 'my_street', -26);

--insert into dish_photo (id, name, url) values (-1, 'photo1', null);
--insert into dish_photo (id, name, url) values (-2, 'photo2', null);
--insert into dish_photo (id, name, url) values (-3, 'photo3', null);
--insert into dish_photo (id, name, url) values (-4, 'photo4', null);
--insert into dish_photo (id, name, url) values (-5, 'photo5', null);
--insert into dish_photo (id, name, url) values (-6, 'photo6', null);
--insert into dish_photo (id, name, url) values (-7, 'photo7', null);
--insert into dish_photo (id, name, url) values (-8, 'photo8', null);
--insert into dish_photo (id, name, url) values (-9, 'photo9', null);
--insert into dish_photo (id, name, url) values (-10, 'photo10', null);
--insert into dish_photo (id, name, url) values (-11, 'photo11', null);
--insert into dish_photo (id, name, url) values (-12, 'photo12', null);
--insert into dish_photo (id, name, url) values (-13, 'photo13', null);
--insert into dish_photo (id, name, url) values (-14, 'photo14', null);
--insert into dish_photo (id, name, url) values (-15, 'photo15', null);
--insert into dish_photo (id, name, url) values (-16, 'photo16', null);
--insert into dish_photo (id, name, url) values (-17, 'photo17', null);
--insert into dish_photo (id, name, url) values (-18, 'photo18', null);
--insert into dish_photo (id, name, url) values (-19, 'photo19', null);
--insert into dish_photo (id, name, url) values (-20, 'photo20', null);
--insert into dish_photo (id, name, url) values (-21, 'photo21', null);
--insert into dish_photo (id, name, url) values (-22, 'photo22', null);
--insert into dish_photo (id, name, url) values (-23, 'photo23', null);
--insert into dish_photo (id, name, url) values (-24, 'photo24', null);
--insert into dish_photo (id, name, url) values (-25, 'photo25', null);
--insert into dish_photo (id, name, url) values (-26, 'photo26', null);
--insert into dish_photo (id, name, url) values (-27, 'photo27', null);
--insert into dish_photo (id, name, url) values (-28, 'photo28', null);
--insert into dish_photo (id, name, url) values (-29, 'photo29', null);
--insert into dish_photo (id, name, url) values (-30, 'photo30', null);
--insert into dish_photo (id, name, url) values (-31, 'photo31', null);
--insert into dish_photo (id, name, url) values (-32, 'photo32', null);
--insert into dish_photo (id, name, url) values (-33, 'photo33', null);
--insert into dish_photo (id, name, url) values (-34, 'photo34', null);
--insert into dish_photo (id, name, url) values (-35, 'photo35', null);
--insert into dish_photo (id, name, url) values (-36, 'photo36', null);
--insert into dish_photo (id, name, url) values (-37, 'photo37', null);
--insert into dish_photo (id, name, url) values (-38, 'photo38', null);
--insert into dish_photo (id, name, url) values (-39, 'photo39', null);
--insert into dish_photo (id, name, url) values (-40, 'photo40', null);
--insert into dish_photo (id, name, url) values (-41, 'photo41', null);
--insert into dish_photo (id, name, url) values (-42, 'photo42', null);
--insert into dish_photo (id, name, url) values (-43, 'photo43', null);
--insert into dish_photo (id, name, url) values (-44, 'photo44', null);
--insert into dish_photo (id, name, url) values (-45, 'photo45', null);
--insert into dish_photo (id, name, url) values (-46, 'photo46', null);
--insert into dish_photo (id, name, url) values (-47, 'photo47', null);
--insert into dish_photo (id, name, url) values (-48, 'photo48', null);
--insert into dish_photo (id, name, url) values (-49, 'photo49', null);
--insert into dish_photo (id, name, url) values (-50, 'photo50', null);
--insert into dish_photo (id, name, url) values (-51, 'photo51', null);
--insert into dish_photo (id, name, url) values (-52, 'photo52', null);
--insert into dish_photo (id, name, url) values (-53, 'photo53', null);
--insert into dish_photo (id, name, url) values (-54, 'photo54', null);
--insert into dish_photo (id, name, url) values (-55, 'photo55', null);
--insert into dish_photo (id, name, url) values (-56, 'photo56', null);
--insert into dish_photo (id, name, url) values (-57, 'photo57', null);
--insert into dish_photo (id, name, url) values (-58, 'photo58', null);
--insert into dish_photo (id, name, url) values (-59, 'photo59', null);
--insert into dish_photo (id, name, url) values (-60, 'photo60', null);
--insert into dish_photo (id, name, url) values (-61, 'photo61', null);
--insert into dish_photo (id, name, url) values (-62, 'photo62', null);
--insert into dish_photo (id, name, url) values (-63, 'photo63', null);
--insert into dish_photo (id, name, url) values (-64, 'photo64', null);
--insert into dish_photo (id, name, url) values (-65, 'photo65', null);
--insert into dish_photo (id, name, url) values (-66, 'photo66', null);
--insert into dish_photo (id, name, url) values (-67, 'photo67', null);
--insert into dish_photo (id, name, url) values (-68, 'photo68', null);
--insert into dish_photo (id, name, url) values (-69, 'photo69', null);
--insert into dish_photo (id, name, url) values (-70, 'photo70', null);
--insert into dish_photo (id, name, url) values (-71, 'photo71', null);
--insert into dish_photo (id, name, url) values (-72, 'photo72', null);
--insert into dish_photo (id, name, url) values (-73, 'photo73', null);
--insert into dish_photo (id, name, url) values (-74, 'photo74', null);
--insert into dish_photo (id, name, url) values (-75, 'photo75', null);
--insert into dish_photo (id, name, url) values (-76, 'photo76', null);
--insert into dish_photo (id, name, url) values (-77, 'photo77', null);
--insert into dish_photo (id, name, url) values (-78, 'photo78', null);
--insert into dish_photo (id, name, url) values (-79, 'photo79', null);
--insert into dish_photo (id, name, url) values (-80, 'photo80', null);
--insert into dish_photo (id, name, url) values (-81, 'photo81', null);
--insert into dish_photo (id, name, url) values (-82, 'photo82', null);
--insert into dish_photo (id, name, url) values (-83, 'photo83', null);
--insert into dish_photo (id, name, url) values (-84, 'photo84', null);
--insert into dish_photo (id, name, url) values (-85, 'photo85', null);
--insert into dish_photo (id, name, url) values (-86, 'photo86', null);
--insert into dish_photo (id, name, url) values (-87, 'photo87', null);
--insert into dish_photo (id, name, url) values (-88, 'photo88', null);
--insert into dish_photo (id, name, url) values (-89, 'photo89', null);
--insert into dish_photo (id, name, url) values (-90, 'photo90', null);
--insert into dish_photo (id, name, url) values (-91, 'photo91', null);
--insert into dish_photo (id, name, url) values (-92, 'photo92', null);
--insert into dish_photo (id, name, url) values (-93, 'photo93', null);
--insert into dish_photo (id, name, url) values (-94, 'photo94', null);
--insert into dish_photo (id, name, url) values (-95, 'photo95', null);
--insert into dish_photo (id, name, url) values (-96, 'photo96', null);
--insert into dish_photo (id, name, url) values (-97, 'photo97', null);
--insert into dish_photo (id, name, url) values (-98, 'photo98', null);
--insert into dish_photo (id, name, url) values (-99, 'photo99', null);
--insert into dish_photo (id, name, url) values (-100, 'photo100', null);
--insert into dish_photo (id, name, url) values (-101, 'photo101', null);
--insert into dish_photo (id, name, url) values (-102, 'photo102', null);
--insert into dish_photo (id, name, url) values (-103, 'photo103', null);
--insert into dish_photo (id, name, url) values (-104, 'photo104', null);
--insert into dish_photo (id, name, url) values (-105, 'photo105', null);
--insert into dish_photo (id, name, url) values (-106, 'photo106', null);
--insert into dish_photo (id, name, url) values (-107, 'photo107', null);
--insert into dish_photo (id, name, url) values (-108, 'photo108', null);
--insert into dish_photo (id, name, url) values (-109, 'photo109', null);
--insert into dish_photo (id, name, url) values (-110, 'photo110', null);
--insert into dish_photo (id, name, url) values (-111, 'photo111', null);
--insert into dish_photo (id, name, url) values (-112, 'photo112', null);
--insert into dish_photo (id, name, url) values (-113, 'photo113', null);
--insert into dish_photo (id, name, url) values (-114, 'photo114', null);
--insert into dish_photo (id, name, url) values (-115, 'photo115', null);
--insert into dish_photo (id, name, url) values (-116, 'photo116', null);
--insert into dish_photo (id, name, url) values (-117, 'photo117', null);
--insert into dish_photo (id, name, url) values (-118, 'photo118', null);
--insert into dish_photo (id, name, url) values (-119, 'photo119', null);
--insert into dish_photo (id, name, url) values (-120, 'photo120', null);
--insert into dish_photo (id, name, url) values (-121, 'photo121', null);
--insert into dish_photo (id, name, url) values (-122, 'photo122', null);
--insert into dish_photo (id, name, url) values (-123, 'photo123', null);
--insert into dish_photo (id, name, url) values (-124, 'photo124', null);
--insert into dish_photo (id, name, url) values (-125, 'photo125', null);
--insert into dish_photo (id, name, url) values (-126, 'photo126', null);
--insert into dish_photo (id, name, url) values (-127, 'photo127', null);
--insert into dish_photo (id, name, url) values (-128, 'photo128', null);
--insert into dish_photo (id, name, url) values (-129, 'photo129', null);
--insert into dish_photo (id, name, url) values (-130, 'photo130', null);
--insert into dish_photo (id, name, url) values (-131, 'photo131', null);
--insert into dish_photo (id, name, url) values (-132, 'photo132', null);
--insert into dish_photo (id, name, url) values (-133, 'photo133', null);
--insert into dish_photo (id, name, url) values (-134, 'photo134', null);
--insert into dish_photo (id, name, url) values (-135, 'photo135', null);
--insert into dish_photo (id, name, url) values (-136, 'photo136', null);
--insert into dish_photo (id, name, url) values (-137, 'photo137', null);
--insert into dish_photo (id, name, url) values (-138, 'photo138', null);
--insert into dish_photo (id, name, url) values (-139, 'photo139', null);
--insert into dish_photo (id, name, url) values (-140, 'photo140', null);
--insert into dish_photo (id, name, url) values (-141, 'photo141', null);
--insert into dish_photo (id, name, url) values (-142, 'photo142', null);
--insert into dish_photo (id, name, url) values (-143, 'photo143', null);
--insert into dish_photo (id, name, url) values (-144, 'photo144', null);
--insert into dish_photo (id, name, url) values (-145, 'photo145', null);
--insert into dish_photo (id, name, url) values (-146, 'photo146', null);
--insert into dish_photo (id, name, url) values (-147, 'photo147', null);
--insert into dish_photo (id, name, url) values (-148, 'photo148', null);
--insert into dish_photo (id, name, url) values (-149, 'photo149', null);
--insert into dish_photo (id, name, url) values (-150, 'photo150', null);
--insert into dish_photo (id, name, url) values (-151, 'photo151', null);
--insert into dish_photo (id, name, url) values (-152, 'photo152', null);
--insert into dish_photo (id, name, url) values (-153, 'photo153', null);
--insert into dish_photo (id, name, url) values (-154, 'photo154', null);
--insert into dish_photo (id, name, url) values (-155, 'photo155', null);
--insert into dish_photo (id, name, url) values (-156, 'photo156', null);
--insert into dish_photo (id, name, url) values (-157, 'photo157', null);
--insert into dish_photo (id, name, url) values (-158, 'photo158', null);
--insert into dish_photo (id, name, url) values (-159, 'photo159', null);
--insert into dish_photo (id, name, url) values (-160, 'photo160', null);
--insert into dish_photo (id, name, url) values (-161, 'photo161', null);
--insert into dish_photo (id, name, url) values (-162, 'photo162', null);
--insert into dish_photo (id, name, url) values (-163, 'photo163', null);
--insert into dish_photo (id, name, url) values (-164, 'photo164', null);
--insert into dish_photo (id, name, url) values (-165, 'photo165', null);
--insert into dish_photo (id, name, url) values (-166, 'photo166', null);
--insert into dish_photo (id, name, url) values (-167, 'photo167', null);
--insert into dish_photo (id, name, url) values (-168, 'photo168', null);
--insert into dish_photo (id, name, url) values (-169, 'photo169', null);
--insert into dish_photo (id, name, url) values (-170, 'photo170', null);
--insert into dish_photo (id, name, url) values (-171, 'photo171', null);
--insert into dish_photo (id, name, url) values (-172, 'photo172', null);
--insert into dish_photo (id, name, url) values (-173, 'photo173', null);
--insert into dish_photo (id, name, url) values (-174, 'photo174', null);
--insert into dish_photo (id, name, url) values (-175, 'photo175', null);
--insert into dish_photo (id, name, url) values (-176, 'photo176', null);
--insert into dish_photo (id, name, url) values (-177, 'photo177', null);
--insert into dish_photo (id, name, url) values (-178, 'photo178', null);
--insert into dish_photo (id, name, url) values (-179, 'photo179', null);
--insert into dish_photo (id, name, url) values (-180, 'photo180', null);
--insert into dish_photo (id, name, url) values (-181, 'photo181', null);
--insert into dish_photo (id, name, url) values (-182, 'photo182', null);
--insert into dish_photo (id, name, url) values (-183, 'photo183', null);
--insert into dish_photo (id, name, url) values (-184, 'photo184', null);
--insert into dish_photo (id, name, url) values (-185, 'photo185', null);
--insert into dish_photo (id, name, url) values (-186, 'photo186', null);
--insert into dish_photo (id, name, url) values (-187, 'photo187', null);
--insert into dish_photo (id, name, url) values (-188, 'photo188', null);
--insert into dish_photo (id, name, url) values (-189, 'photo189', null);
--insert into dish_photo (id, name, url) values (-190, 'photo190', null);
--insert into dish_photo (id, name, url) values (-191, 'photo191', null);
--insert into dish_photo (id, name, url) values (-192, 'photo192', null);
--insert into dish_photo (id, name, url) values (-193, 'photo193', null);
--insert into dish_photo (id, name, url) values (-194, 'photo194', null);
--insert into dish_photo (id, name, url) values (-195, 'photo195', null);
--insert into dish_photo (id, name, url) values (-196, 'photo196', null);
--insert into dish_photo (id, name, url) values (-197, 'photo197', null);
--insert into dish_photo (id, name, url) values (-198, 'photo198', null);
--insert into dish_photo (id, name, url) values (-199, 'photo199', null);
--insert into dish_photo (id, name, url) values (-200, 'photo200', null);

insert into dish (id, dish_code, name, description, price, average_preparation_time_min, restaurant_id, dish_photo_id, dish_category_id, is_active) values (-1, 'bAFGaBc2-Jo1V-fmbe-U4q3-YK4Bah23FFZB', 'some_name1', 'some_description1', '151.29', 2, -20, null, 4, true);
insert into dish (id, dish_code, name, description, price, average_preparation_time_min, restaurant_id, dish_photo_id, dish_category_id, is_active) values (-2, 'K5ecfJDJ-85Rr-1rN3-5yAu-50Y1rIk9ro46', 'some_name2', 'some_description2', '205.02', 93, -17, null, 4, true);
insert into dish (id, dish_code, name, description, price, average_preparation_time_min, restaurant_id, dish_photo_id, dish_category_id, is_active) values (-3, '9IW76Es0-m7ZL-5087-A2tS-6st6yYAUlAxc', 'some_name3', 'some_description3', '50.76', 21, -8, null, 1, true);
insert into dish (id, dish_code, name, description, price, average_preparation_time_min, restaurant_id, dish_photo_id, dish_category_id, is_active) values (-4, '4fhq1J8i-3ca0-3W26-88fm-5AEpXnydz4tA', 'some_name4', 'some_description4', '78.19', 74, -5, null, 1, true);
insert into dish (id, dish_code, name, description, price, average_preparation_time_min, restaurant_id, dish_photo_id, dish_category_id, is_active) values (-5, '5uDEiP16-p62B-E7T4-49Si-64MZC1w1xq87', 'some_name5', 'some_description5', '224.37', 38, -9, null, 3, true);
insert into dish (id, dish_code, name, description, price, average_preparation_time_min, restaurant_id, dish_photo_id, dish_category_id, is_active) values (-6, 'yIvOYZ49-H6G9-0Rgu-mXR6-UHKZzpmAY1mt', 'some_name6', 'some_description6', '38.23', 16, -9, null, 2, true);
insert into dish (id, dish_code, name, description, price, average_preparation_time_min, restaurant_id, dish_photo_id, dish_category_id, is_active) values (-7, 'q2G48K33-m959-o457-Tsyz-48eo89XC189d', 'some_name7', 'some_description7', '284.80', 102, -21, null, 2, true);
insert into dish (id, dish_code, name, description, price, average_preparation_time_min, restaurant_id, dish_photo_id, dish_category_id, is_active) values (-8, 'cy8zDHvD-pxm3-VMjj-JOa3-l7vCrlSHnOz8', 'some_name8', 'some_description8', '167.77', 106, -3, null, 3, true);
insert into dish (id, dish_code, name, description, price, average_preparation_time_min, restaurant_id, dish_photo_id, dish_category_id, is_active) values (-9, '45rFtmsj-9u08-kXYg-D0ip-7bMt6A6bXx97', 'some_name9', 'some_description9', '10.46', 75, -14, null, 1, true);
insert into dish (id, dish_code, name, description, price, average_preparation_time_min, restaurant_id, dish_photo_id, dish_category_id, is_active) values (-10, 'u59jZ0eh-V7H1-VR3y-1wau-g2ToW17xUxal', 'some_name10', 'some_description10', '261.01', 78, -17, null, 4, true);
insert into dish (id, dish_code, name, description, price, average_preparation_time_min, restaurant_id, dish_photo_id, dish_category_id, is_active) values (-11, 'd1D8rgm7-352u-Pb7j-50PD-l093lOfF4x6r', 'some_name11', 'some_description11', '270.44', 95, -14, null, 4, true);
insert into dish (id, dish_code, name, description, price, average_preparation_time_min, restaurant_id, dish_photo_id, dish_category_id, is_active) values (-12, 'QA0uHW6P-07HI-f5td-ggG0-SkJ2u8Y9eR3R', 'some_name12', 'some_description12', '80.24', 93, -5, null, 2, true);
insert into dish (id, dish_code, name, description, price, average_preparation_time_min, restaurant_id, dish_photo_id, dish_category_id, is_active) values (-13, 'j8u1Iw09-0jfN-985W-xy1M-V753UWZ84yy3', 'some_name13', 'some_description13', '194.15', 102, -20, null, 1, true);
insert into dish (id, dish_code, name, description, price, average_preparation_time_min, restaurant_id, dish_photo_id, dish_category_id, is_active) values (-14, 'p4J9kWg3-Z1TC-XKTy-v9ib-EPtJ019HVbO1', 'some_name14', 'some_description14', '294.46', 35, -17, null, 3, true);
insert into dish (id, dish_code, name, description, price, average_preparation_time_min, restaurant_id, dish_photo_id, dish_category_id, is_active) values (-15, '9ZwjOd99-6w72-A24x-Ng3M-7pjVZr1A1ms7', 'some_name15', 'some_description15', '64.03', 12, -9, null, 3, true);
insert into dish (id, dish_code, name, description, price, average_preparation_time_min, restaurant_id, dish_photo_id, dish_category_id, is_active) values (-16, '7K2Nl4ha-Ahgc-epzC-Vd2P-MIT6B2j7i8xI', 'some_name16', 'some_description16', '224.39', 45, -25, null, 2, true);
insert into dish (id, dish_code, name, description, price, average_preparation_time_min, restaurant_id, dish_photo_id, dish_category_id, is_active) values (-17, 'JLmD5jeN-20oi-5Kcs-7i1H-fJzfq6KfEW01', 'some_name17', 'some_description17', '237.12', 41, -15, null, 6, true);
insert into dish (id, dish_code, name, description, price, average_preparation_time_min, restaurant_id, dish_photo_id, dish_category_id, is_active) values (-18, '949ciqzY-AJx7-wula-br3o-MQOX5i20378s', 'some_name18', 'some_description18', '82.31', 116, -13, null, 4, true);
insert into dish (id, dish_code, name, description, price, average_preparation_time_min, restaurant_id, dish_photo_id, dish_category_id, is_active) values (-19, '5aQ07Oft-lJfz-c2uN-0Y3y-DK8dz7R4suFd', 'some_name19', 'some_description19', '2.81', 37, -22, null, 4, true);
insert into dish (id, dish_code, name, description, price, average_preparation_time_min, restaurant_id, dish_photo_id, dish_category_id, is_active) values (-20, 'y0KTf030-8tWT-Dcz5-fud7-xrU37JVn4om8', 'some_name20', 'some_description20', '85.63', 97, -21, null, 1, true);
insert into dish (id, dish_code, name, description, price, average_preparation_time_min, restaurant_id, dish_photo_id, dish_category_id, is_active) values (-21, 'oeByDlJA-VkT0-YTKQ-04v6-q4cJ4F0jQ3Xl', 'some_name21', 'some_description21', '221.44', 9, -3, null, 3, true);
insert into dish (id, dish_code, name, description, price, average_preparation_time_min, restaurant_id, dish_photo_id, dish_category_id, is_active) values (-22, 'BW5OICUz-1xeA-1pGr-n6lt-0j9quFxXksmu', 'some_name22', 'some_description22', '267.11', 11, -23, null, 6, true);
insert into dish (id, dish_code, name, description, price, average_preparation_time_min, restaurant_id, dish_photo_id, dish_category_id, is_active) values (-23, 'dk994M35-IS0I-xhUJ-GojU-stfMjjBz3yXA', 'some_name23', 'some_description23', '280.53', 19, -1, null, 6, true);
insert into dish (id, dish_code, name, description, price, average_preparation_time_min, restaurant_id, dish_photo_id, dish_category_id, is_active) values (-24, '2Ax7GzrR-s9g6-2I2R-Rr11-fE93d4OyFpKJ', 'some_name24', 'some_description24', '230.14', 52, -17, null, 6, true);
insert into dish (id, dish_code, name, description, price, average_preparation_time_min, restaurant_id, dish_photo_id, dish_category_id, is_active) values (-25, 'OCuY97pO-gfJk-Fs7m-H7fK-43HaGVMuQN6v', 'some_name25', 'some_description25', '228.07', 90, -2, null, 3, true);
insert into dish (id, dish_code, name, description, price, average_preparation_time_min, restaurant_id, dish_photo_id, dish_category_id, is_active) values (-26, 'W17aVbe7-tw2Y-4cM9-2930-40R27j6hpz4v', 'some_name26', 'some_description26', '236.44', 3, -23, null, 2, true);
insert into dish (id, dish_code, name, description, price, average_preparation_time_min, restaurant_id, dish_photo_id, dish_category_id, is_active) values (-27, 'lQ80bVBO-fa2J-7EQI-a4Qv-svkwNu8s3678', 'some_name27', 'some_description27', '153.98', 6, -26, null, 6, true);
insert into dish (id, dish_code, name, description, price, average_preparation_time_min, restaurant_id, dish_photo_id, dish_category_id, is_active) values (-28, 'mb0zm2aY-DzCP-Wggz-sbEl-L34u2k6a9D48', 'some_name28', 'some_description28', '75.65', 20, -1, null, 1, true);
insert into dish (id, dish_code, name, description, price, average_preparation_time_min, restaurant_id, dish_photo_id, dish_category_id, is_active) values (-29, '17WzAg5a-v22x-9AJ5-sh95-JviP22HQg30G', 'some_name29', 'some_description29', '82.27', 43, -23, null, 5, true);
insert into dish (id, dish_code, name, description, price, average_preparation_time_min, restaurant_id, dish_photo_id, dish_category_id, is_active) values (-30, '3uGxl8v6-20hb-1amv-2i58-75w5U1o8px3P', 'some_name30', 'some_description30', '143.94', 55, -23, null, 3, true);
insert into dish (id, dish_code, name, description, price, average_preparation_time_min, restaurant_id, dish_photo_id, dish_category_id, is_active) values (-31, 'r8hise36-qTJb-sLnV-k5JS-PQ8gss2HcM38', 'some_name31', 'some_description31', '61.12', 118, -20, null, 3, true);
insert into dish (id, dish_code, name, description, price, average_preparation_time_min, restaurant_id, dish_photo_id, dish_category_id, is_active) values (-32, 'V33V08th-cTTo-mNDK-l8rt-Jl9G9DVe24m3', 'some_name32', 'some_description32', '248.32', 20, -17, null, 5, true);
insert into dish (id, dish_code, name, description, price, average_preparation_time_min, restaurant_id, dish_photo_id, dish_category_id, is_active) values (-33, 'H2XipG8U-hr48-dtep-X7oM-dPsk66oioJgD', 'some_name33', 'some_description33', '266.89', 16, -9, null, 1, true);
insert into dish (id, dish_code, name, description, price, average_preparation_time_min, restaurant_id, dish_photo_id, dish_category_id, is_active) values (-34, '0bQgxV40-OQN6-rMPa-90M6-JG6K1159Fso2', 'some_name34', 'some_description34', '70.49', 63, -8, null, 3, true);
insert into dish (id, dish_code, name, description, price, average_preparation_time_min, restaurant_id, dish_photo_id, dish_category_id, is_active) values (-35, 'v173EGvx-s6F3-ErSV-p28x-x1l7c50w7mPT', 'some_name35', 'some_description35', '80.00', 92, -7, null, 2, true);
insert into dish (id, dish_code, name, description, price, average_preparation_time_min, restaurant_id, dish_photo_id, dish_category_id, is_active) values (-36, 'zfa1f11Z-6ocG-meFo-8IE5-1lvrlrhd0r8o', 'some_name36', 'some_description36', '195.67', 89, -21, null, 6, true);
insert into dish (id, dish_code, name, description, price, average_preparation_time_min, restaurant_id, dish_photo_id, dish_category_id, is_active) values (-37, 'Kjezznb0-Z1Ye-KK59-q1lA-d5dM0u2hFXkb', 'some_name37', 'some_description37', '67.32', 89, -22, null, 3, true);
insert into dish (id, dish_code, name, description, price, average_preparation_time_min, restaurant_id, dish_photo_id, dish_category_id, is_active) values (-38, 'kV1q9G4F-pyYz-r3Fb-pFi3-52PVOP9NaON6', 'some_name38', 'some_description38', '56.76', 49, -1, null, 4, true);
insert into dish (id, dish_code, name, description, price, average_preparation_time_min, restaurant_id, dish_photo_id, dish_category_id, is_active) values (-39, 'Rtv578Z4-34q6-kLY8-5qJQ-o7NYNxRrGRa7', 'some_name39', 'some_description39', '7.43', 3, -10, null, 6, true);
insert into dish (id, dish_code, name, description, price, average_preparation_time_min, restaurant_id, dish_photo_id, dish_category_id, is_active) values (-40, '3Y311nM0-Ja8B-k394-f3a1-z5uj7lj4QcM1', 'some_name40', 'some_description40', '74.96', 32, -3, null, 4, true);
insert into dish (id, dish_code, name, description, price, average_preparation_time_min, restaurant_id, dish_photo_id, dish_category_id, is_active) values (-41, 'skAEKqxn-454u-PwE1-q6ko-6mp4zo8q0Km7', 'some_name41', 'some_description41', '42.92', 58, -5, null, 5, true);
insert into dish (id, dish_code, name, description, price, average_preparation_time_min, restaurant_id, dish_photo_id, dish_category_id, is_active) values (-42, '9I80ign5-Ih7Q-POO6-i6c1-4FELSyV1M4q7', 'some_name42', 'some_description42', '55.03', 107, -25, null, 6, true);
insert into dish (id, dish_code, name, description, price, average_preparation_time_min, restaurant_id, dish_photo_id, dish_category_id, is_active) values (-43, '0T5Qucc1-Xjtk-TzJ6-jNhD-nyo6bL4u00Fk', 'some_name43', 'some_description43', '2.67', 120, -16, null, 6, true);
insert into dish (id, dish_code, name, description, price, average_preparation_time_min, restaurant_id, dish_photo_id, dish_category_id, is_active) values (-44, 'JoCQFM4J-owh8-UZpA-i3oH-gKJIC6d8Jqu3', 'some_name44', 'some_description44', '225.12', 4, -9, null, 1, true);
insert into dish (id, dish_code, name, description, price, average_preparation_time_min, restaurant_id, dish_photo_id, dish_category_id, is_active) values (-45, 'd3akRstQ-WQS2-HTUM-5SAH-f8Zh97SGwq5E', 'some_name45', 'some_description45', '270.21', 11, -12, null, 3, true);
insert into dish (id, dish_code, name, description, price, average_preparation_time_min, restaurant_id, dish_photo_id, dish_category_id, is_active) values (-46, 'PTyiXkv8-mR0C-j0kR-50K6-q08QN3p0oea0', 'some_name46', 'some_description46', '174.80', 1, -26, null, 2, true);
insert into dish (id, dish_code, name, description, price, average_preparation_time_min, restaurant_id, dish_photo_id, dish_category_id, is_active) values (-47, 'XDwO98ac-N3s1-PhOb-Z61t-l5aKr002mIt4', 'some_name47', 'some_description47', '233.43', 32, -24, null, 1, true);
insert into dish (id, dish_code, name, description, price, average_preparation_time_min, restaurant_id, dish_photo_id, dish_category_id, is_active) values (-48, 'c6Tzf0eq-75Rr-a8f9-Dn57-1LKdr8l2k6nW', 'some_name48', 'some_description48', '242.92', 113, -26, null, 5, true);
insert into dish (id, dish_code, name, description, price, average_preparation_time_min, restaurant_id, dish_photo_id, dish_category_id, is_active) values (-49, '9l40ngv2-FIK9-Qz9D-P93I-EqJB0q6234yx', 'some_name49', 'some_description49', '188.66', 9, -8, null, 6, true);
insert into dish (id, dish_code, name, description, price, average_preparation_time_min, restaurant_id, dish_photo_id, dish_category_id, is_active) values (-50, 'Tpb40yB1-BnO8-993G-KIFH-y78ljoSJJ7co', 'some_name50', 'some_description50', '191.56', 97, -14, null, 3, true);
insert into dish (id, dish_code, name, description, price, average_preparation_time_min, restaurant_id, dish_photo_id, dish_category_id, is_active) values (-51, 'CV1M9366-ctF5-Alo5-Zkzp-7bUVP69Wd82R', 'some_name51', 'some_description51', '292.47', 8, -7, null, 6, true);
insert into dish (id, dish_code, name, description, price, average_preparation_time_min, restaurant_id, dish_photo_id, dish_category_id, is_active) values (-52, 'jr3tXs7t-2N0z-2xqY-xRuE-62TK80BwgzNN', 'some_name52', 'some_description52', '89.44', 49, -14, null, 2, true);
insert into dish (id, dish_code, name, description, price, average_preparation_time_min, restaurant_id, dish_photo_id, dish_category_id, is_active) values (-53, 'VQ3C404H-8F07-9NdP-87qu-ffD9m3QujDsx', 'some_name53', 'some_description53', '244.22', 75, -6, null, 5, true);
insert into dish (id, dish_code, name, description, price, average_preparation_time_min, restaurant_id, dish_photo_id, dish_category_id, is_active) values (-54, 'S3GQsrvS-RW47-P019-Bq0P-PRzzYJVIvBR9', 'some_name54', 'some_description54', '115.03', 71, -20, null, 3, true);
insert into dish (id, dish_code, name, description, price, average_preparation_time_min, restaurant_id, dish_photo_id, dish_category_id, is_active) values (-55, '3dw5n285-N2y6-9Rif-L0lu-b9UTT8N5myo5', 'some_name55', 'some_description55', '222.40', 116, -2, null, 5, true);
insert into dish (id, dish_code, name, description, price, average_preparation_time_min, restaurant_id, dish_photo_id, dish_category_id, is_active) values (-56, 'c7PyThs0-Pq4W-ZLmY-BqG9-9h6Tq3f0X7Lh', 'some_name56', 'some_description56', '50.46', 83, -14, null, 1, true);
insert into dish (id, dish_code, name, description, price, average_preparation_time_min, restaurant_id, dish_photo_id, dish_category_id, is_active) values (-57, '0lHqmQ7k-neX4-2Eom-0G5F-bmm7Kc4fcZDj', 'some_name57', 'some_description57', '52.96', 90, -22, null, 6, true);
insert into dish (id, dish_code, name, description, price, average_preparation_time_min, restaurant_id, dish_photo_id, dish_category_id, is_active) values (-58, 'oa3g6z59-Qrt4-EDyc-8Q2W-d8Ss2Y57av1I', 'some_name58', 'some_description58', '213.46', 93, -21, null, 1, true);
insert into dish (id, dish_code, name, description, price, average_preparation_time_min, restaurant_id, dish_photo_id, dish_category_id, is_active) values (-59, '5rw6U1r0-01A3-CdhP-1AD6-K3D704lK4c4f', 'some_name59', 'some_description59', '67.22', 28, -15, null, 4, true);
insert into dish (id, dish_code, name, description, price, average_preparation_time_min, restaurant_id, dish_photo_id, dish_category_id, is_active) values (-60, 'fL5597Y1-VjjO-iy35-J7Qr-hzgE5H30248y', 'some_name60', 'some_description60', '36.37', 79, -7, null, 3, true);
insert into dish (id, dish_code, name, description, price, average_preparation_time_min, restaurant_id, dish_photo_id, dish_category_id, is_active) values (-61, 'RNY3w71o-M96N-Dzo3-6Zdw-qlimKEFj51ZH', 'some_name61', 'some_description61', '10.81', 8, -16, null, 5, true);
insert into dish (id, dish_code, name, description, price, average_preparation_time_min, restaurant_id, dish_photo_id, dish_category_id, is_active) values (-62, 'RQl9Wy2H-t4r7-1cF8-X9Y2-pqA3WK98TNSw', 'some_name62', 'some_description62', '61.91', 53, -10, null, 3, true);
insert into dish (id, dish_code, name, description, price, average_preparation_time_min, restaurant_id, dish_photo_id, dish_category_id, is_active) values (-63, 'h2HR2P0A-lIEA-63C7-R9S5-ogr6I3pLR610', 'some_name63', 'some_description63', '183.15', 90, -2, null, 2, true);
insert into dish (id, dish_code, name, description, price, average_preparation_time_min, restaurant_id, dish_photo_id, dish_category_id, is_active) values (-64, '1ZX4daq8-y7V0-E9Bg-9hV0-iQxV8MyLecBN', 'some_name64', 'some_description64', '278.95', 49, -4, null, 3, true);
insert into dish (id, dish_code, name, description, price, average_preparation_time_min, restaurant_id, dish_photo_id, dish_category_id, is_active) values (-65, '3xLa05z3-8lc1-c2S6-hMq1-55Mqi6NIxJLC', 'some_name65', 'some_description65', '60.62', 67, -21, null, 4, true);
insert into dish (id, dish_code, name, description, price, average_preparation_time_min, restaurant_id, dish_photo_id, dish_category_id, is_active) values (-66, 'd2m4qQb8-YJ2x-7H17-FMpX-NoW2Qq4g9nqo', 'some_name66', 'some_description66', '70.46', 74, -13, null, 2, true);
insert into dish (id, dish_code, name, description, price, average_preparation_time_min, restaurant_id, dish_photo_id, dish_category_id, is_active) values (-67, 'Zgx24086-P857-n9tP-MZY1-5Jzb53D34E1a', 'some_name67', 'some_description67', '89.07', 85, -10, null, 1, true);
insert into dish (id, dish_code, name, description, price, average_preparation_time_min, restaurant_id, dish_photo_id, dish_category_id, is_active) values (-68, 'qKC4IES6-O85P-366S-Mu97-STwaXTFggRsL', 'some_name68', 'some_description68', '182.37', 4, -4, null, 4, true);
insert into dish (id, dish_code, name, description, price, average_preparation_time_min, restaurant_id, dish_photo_id, dish_category_id, is_active) values (-69, 'i7m02h0V-0QWw-sp5R-9z3W-2IMa18AmZS3I', 'some_name69', 'some_description69', '82.51', 87, -4, null, 3, true);
insert into dish (id, dish_code, name, description, price, average_preparation_time_min, restaurant_id, dish_photo_id, dish_category_id, is_active) values (-70, 'CoO76KXa-2NjC-ZhN2-kdAn-o5F7M69ZT1kt', 'some_name70', 'some_description70', '146.98', 51, -10, null, 2, true);
insert into dish (id, dish_code, name, description, price, average_preparation_time_min, restaurant_id, dish_photo_id, dish_category_id, is_active) values (-71, 'Q4v5322c-XjPp-O9s3-q1HP-NkW2SAR9wpx9', 'some_name71', 'some_description71', '117.50', 83, -10, null, 4, true);
insert into dish (id, dish_code, name, description, price, average_preparation_time_min, restaurant_id, dish_photo_id, dish_category_id, is_active) values (-72, 'M6R7sq5Z-v8bh-n1FV-GH3w-f5PviXg88X5m', 'some_name72', 'some_description72', '211.17', 68, -1, null, 2, true);
insert into dish (id, dish_code, name, description, price, average_preparation_time_min, restaurant_id, dish_photo_id, dish_category_id, is_active) values (-73, 'T5ojh5IG-9biH-2E8E-49mC-LKgfp972Te22', 'some_name73', 'some_description73', '292.95', 86, -3, null, 5, true);
insert into dish (id, dish_code, name, description, price, average_preparation_time_min, restaurant_id, dish_photo_id, dish_category_id, is_active) values (-74, 'da01hS7A-f8RN-R1YT-7SKL-q38203ZOk83g', 'some_name74', 'some_description74', '257.12', 79, -26, null, 3, true);
insert into dish (id, dish_code, name, description, price, average_preparation_time_min, restaurant_id, dish_photo_id, dish_category_id, is_active) values (-75, 'NogpKpZW-w92Z-TOMV-Uu7w-cQ5K6pm0lEQG', 'some_name75', 'some_description75', '90.79', 48, -21, null, 6, true);
insert into dish (id, dish_code, name, description, price, average_preparation_time_min, restaurant_id, dish_photo_id, dish_category_id, is_active) values (-76, '4p79C9Pj-5A8M-0B1t-Wxwl-9VrMl5NhVj8r', 'some_name76', 'some_description76', '102.34', 67, -5, null, 2, true);
insert into dish (id, dish_code, name, description, price, average_preparation_time_min, restaurant_id, dish_photo_id, dish_category_id, is_active) values (-77, 'azNsv63V-7J1i-2e0k-7uYv-bieAMUNV6W7g', 'some_name77', 'some_description77', '281.88', 45, -22, null, 4, true);
insert into dish (id, dish_code, name, description, price, average_preparation_time_min, restaurant_id, dish_photo_id, dish_category_id, is_active) values (-78, 'x4kjXW0U-6cRu-USkB-83xe-ITAqQwwq4B65', 'some_name78', 'some_description78', '255.66', 76, -7, null, 6, true);
insert into dish (id, dish_code, name, description, price, average_preparation_time_min, restaurant_id, dish_photo_id, dish_category_id, is_active) values (-79, 's9iXweBN-eM2x-e86Q-UoPx-8GU5uMV2ovH3', 'some_name79', 'some_description79', '276.36', 82, -3, null, 1, true);
insert into dish (id, dish_code, name, description, price, average_preparation_time_min, restaurant_id, dish_photo_id, dish_category_id, is_active) values (-80, '4ZioX3nl-OK33-ix1T-sCb0-z60Yf4HoOV9Z', 'some_name80', 'some_description80', '220.12', 14, -6, null, 1, true);
insert into dish (id, dish_code, name, description, price, average_preparation_time_min, restaurant_id, dish_photo_id, dish_category_id, is_active) values (-81, 'JFh153NJ-YHDR-xId2-hmO3-300loZXF9178', 'some_name81', 'some_description81', '157.92', 21, -15, null, 5, true);
insert into dish (id, dish_code, name, description, price, average_preparation_time_min, restaurant_id, dish_photo_id, dish_category_id, is_active) values (-82, 'jQAV7mxH-rAy9-365v-i4L1-kxG52uWwK3VM', 'some_name82', 'some_description82', '63.93', 19, -7, null, 3, true);
insert into dish (id, dish_code, name, description, price, average_preparation_time_min, restaurant_id, dish_photo_id, dish_category_id, is_active) values (-83, 'M9mRSg0a-oC39-t03x-69Hz-GYiROUAvmcSH', 'some_name83', 'some_description83', '92.87', 64, -1, null, 1, true);
insert into dish (id, dish_code, name, description, price, average_preparation_time_min, restaurant_id, dish_photo_id, dish_category_id, is_active) values (-84, '1S0U9756-AO3v-R2yr-GnMU-89B35tRBcR7I', 'some_name84', 'some_description84', '125.10', 57, -25, null, 6, true);
insert into dish (id, dish_code, name, description, price, average_preparation_time_min, restaurant_id, dish_photo_id, dish_category_id, is_active) values (-85, 'DC1L3wrn-oT6A-Nljp-U7TA-0NQ8Z365pLDh', 'some_name85', 'some_description85', '275.77', 51, -16, null, 5, true);
insert into dish (id, dish_code, name, description, price, average_preparation_time_min, restaurant_id, dish_photo_id, dish_category_id, is_active) values (-86, '4AeDz14L-rOxd-7tlk-169j-7MaPJo7yZAZh', 'some_name86', 'some_description86', '23.05', 99, -7, null, 3, true);
insert into dish (id, dish_code, name, description, price, average_preparation_time_min, restaurant_id, dish_photo_id, dish_category_id, is_active) values (-87, 'V01X9KqT-JC3n-5NNv-MA64-xUKriJ321P4r', 'some_name87', 'some_description87', '46.93', 46, -7, null, 2, true);
insert into dish (id, dish_code, name, description, price, average_preparation_time_min, restaurant_id, dish_photo_id, dish_category_id, is_active) values (-88, '8fT70XNU-9Qvy-xPDf-ok9s-t5IydTs507DC', 'some_name88', 'some_description88', '59.52', 114, -25, null, 1, true);
insert into dish (id, dish_code, name, description, price, average_preparation_time_min, restaurant_id, dish_photo_id, dish_category_id, is_active) values (-89, '8V1AW3WW-8p9y-MKfF-Ba04-vLPd4ib61H59', 'some_name89', 'some_description89', '199.06', 28, -7, null, 2, true);
insert into dish (id, dish_code, name, description, price, average_preparation_time_min, restaurant_id, dish_photo_id, dish_category_id, is_active) values (-90, '4e2wA218-Ffqw-2Ay9-u59L-10wA79SvCaZD', 'some_name90', 'some_description90', '229.29', 30, -18, null, 4, true);
insert into dish (id, dish_code, name, description, price, average_preparation_time_min, restaurant_id, dish_photo_id, dish_category_id, is_active) values (-91, '7K5J9138-gSe1-f0CG-qlL0-X2VL3py60ALz', 'some_name91', 'some_description91', '277.74', 103, -25, null, 5, true);
insert into dish (id, dish_code, name, description, price, average_preparation_time_min, restaurant_id, dish_photo_id, dish_category_id, is_active) values (-92, 'ZycYLgO5-7X33-527t-K495-41DujoajsczQ', 'some_name92', 'some_description92', '100.06', 72, -6, null, 4, true);
insert into dish (id, dish_code, name, description, price, average_preparation_time_min, restaurant_id, dish_photo_id, dish_category_id, is_active) values (-93, '1vdww3bk-m5TI-GSRh-Y9wk-cT8Z727g8Edg', 'some_name93', 'some_description93', '269.56', 9, -23, null, 6, true);
insert into dish (id, dish_code, name, description, price, average_preparation_time_min, restaurant_id, dish_photo_id, dish_category_id, is_active) values (-94, 'N5st5AkJ-mMb1-k4Be-KXC1-lRy1Uc6iBnsf', 'some_name94', 'some_description94', '114.21', 87, -23, null, 6, true);
insert into dish (id, dish_code, name, description, price, average_preparation_time_min, restaurant_id, dish_photo_id, dish_category_id, is_active) values (-95, 'kt7HmzE3-gFAi-H17f-oz1P-n7gY5Kw873nI', 'some_name95', 'some_description95', '122.49', 90, -6, null, 3, true);
insert into dish (id, dish_code, name, description, price, average_preparation_time_min, restaurant_id, dish_photo_id, dish_category_id, is_active) values (-96, 'D97F51G5-fG2J-69R1-nQvz-1bVW18eR7bAL', 'some_name96', 'some_description96', '85.02', 87, -3, null, 1, true);
insert into dish (id, dish_code, name, description, price, average_preparation_time_min, restaurant_id, dish_photo_id, dish_category_id, is_active) values (-97, 'Hx0FNp3n-kYjN-5P75-ur93-U71X9e5nrPGr', 'some_name97', 'some_description97', '136.99', 117, -14, null, 5, true);
insert into dish (id, dish_code, name, description, price, average_preparation_time_min, restaurant_id, dish_photo_id, dish_category_id, is_active) values (-98, '00yW50z9-k987-t940-e5m8-LDJcq9yHB2Lx', 'some_name98', 'some_description98', '241.05', 24, -11, null, 6, true);
insert into dish (id, dish_code, name, description, price, average_preparation_time_min, restaurant_id, dish_photo_id, dish_category_id, is_active) values (-99, 'M2Tlue6s-3LT9-H5l6-J7Ll-qZhmRB4w1945', 'some_name99', 'some_description99', '19.81', 100, -5, null, 4, true);
insert into dish (id, dish_code, name, description, price, average_preparation_time_min, restaurant_id, dish_photo_id, dish_category_id, is_active) values (-100, 'OdkkC1gs-wE43-jxG3-U7Sa-sC6BOfYUaJw3', 'some_name100', 'some_description100', '213.44', 43, -13, null, 2, true);
insert into dish (id, dish_code, name, description, price, average_preparation_time_min, restaurant_id, dish_photo_id, dish_category_id, is_active) values (-101, 'a2f3tz8k-o7Mv-jar2-Cwje-c8hvMwQl961m', 'some_name101', 'some_description101', '22.62', 117, -22, null, 3, true);
insert into dish (id, dish_code, name, description, price, average_preparation_time_min, restaurant_id, dish_photo_id, dish_category_id, is_active) values (-102, 'p7q01r82-tfp1-4dWl-j89A-mF448HBLS234', 'some_name102', 'some_description102', '95.82', 104, -18, null, 4, true);
insert into dish (id, dish_code, name, description, price, average_preparation_time_min, restaurant_id, dish_photo_id, dish_category_id, is_active) values (-103, 'FWyA71sS-FeI1-9kbK-7Dhk-c140yDtuibDj', 'some_name103', 'some_description103', '38.13', 17, -18, null, 1, true);
insert into dish (id, dish_code, name, description, price, average_preparation_time_min, restaurant_id, dish_photo_id, dish_category_id, is_active) values (-104, 'CN1cX6HG-gxO2-QW1j-0VEZ-Z79XyCbLI21U', 'some_name104', 'some_description104', '24.70', 23, -7, null, 6, true);
insert into dish (id, dish_code, name, description, price, average_preparation_time_min, restaurant_id, dish_photo_id, dish_category_id, is_active) values (-105, 'u40x3Q52-Z1M6-c8Kg-l6jH-Azc6egYC6CjZ', 'some_name105', 'some_description105', '107.11', 96, -19, null, 5, true);
insert into dish (id, dish_code, name, description, price, average_preparation_time_min, restaurant_id, dish_photo_id, dish_category_id, is_active) values (-106, 'QyD7Nv5J-zlx7-hm2t-6Bm2-SFhdjZ2OVXTw', 'some_name106', 'some_description106', '121.48', 110, -13, null, 2, true);
insert into dish (id, dish_code, name, description, price, average_preparation_time_min, restaurant_id, dish_photo_id, dish_category_id, is_active) values (-107, 'Pr8hpJI6-8534-ub5U-s94W-RNpm3YIEFsGO', 'some_name107', 'some_description107', '189.61', 111, -6, null, 3, true);
insert into dish (id, dish_code, name, description, price, average_preparation_time_min, restaurant_id, dish_photo_id, dish_category_id, is_active) values (-108, 'tDfVAJpo-U01Q-WnPW-QV5F-H2Ld93xorj2A', 'some_name108', 'some_description108', '46.88', 89, -5, null, 5, true);
insert into dish (id, dish_code, name, description, price, average_preparation_time_min, restaurant_id, dish_photo_id, dish_category_id, is_active) values (-109, 'Ri8Lx7NE-8Yhr-4Qo2-2im4-Tku9OxCS3y4i', 'some_name109', 'some_description109', '55.19', 24, -9, null, 2, true);
insert into dish (id, dish_code, name, description, price, average_preparation_time_min, restaurant_id, dish_photo_id, dish_category_id, is_active) values (-110, 'eY0g80H3-aN1k-Nveg-TTdM-wC4AUGop042D', 'some_name110', 'some_description110', '104.63', 93, -2, null, 2, true);
insert into dish (id, dish_code, name, description, price, average_preparation_time_min, restaurant_id, dish_photo_id, dish_category_id, is_active) values (-111, 'SHW9xp95-U7i1-Po9Y-O5j0-ba4BU870MN5c', 'some_name111', 'some_description111', '202.35', 59, -14, null, 5, true);
insert into dish (id, dish_code, name, description, price, average_preparation_time_min, restaurant_id, dish_photo_id, dish_category_id, is_active) values (-112, '4l87PMuB-eiRk-hMZ9-32Nz-Ukc19etzwE5L', 'some_name112', 'some_description112', '187.16', 113, -18, null, 1, true);
insert into dish (id, dish_code, name, description, price, average_preparation_time_min, restaurant_id, dish_photo_id, dish_category_id, is_active) values (-113, '9QMk4ctH-6oh1-93KN-c5t8-KJU9120FD3Kb', 'some_name113', 'some_description113', '206.88', 2, -22, null, 3, true);
insert into dish (id, dish_code, name, description, price, average_preparation_time_min, restaurant_id, dish_photo_id, dish_category_id, is_active) values (-114, '5l12n51s-5ZT9-yfdr-IuSR-0VNFZ1D46vsp', 'some_name114', 'some_description114', '12.32', 32, -20, null, 3, true);
insert into dish (id, dish_code, name, description, price, average_preparation_time_min, restaurant_id, dish_photo_id, dish_category_id, is_active) values (-115, 'S84v8t0j-O36Z-hH3Y-OsfJ-LsNVIX7G8H5Z', 'some_name115', 'some_description115', '273.13', 47, -17, null, 2, true);
insert into dish (id, dish_code, name, description, price, average_preparation_time_min, restaurant_id, dish_photo_id, dish_category_id, is_active) values (-116, 'Q3I16czQ-80e1-p313-gSj8-653EwE5HyVMv', 'some_name116', 'some_description116', '283.95', 9, -14, null, 1, true);
insert into dish (id, dish_code, name, description, price, average_preparation_time_min, restaurant_id, dish_photo_id, dish_category_id, is_active) values (-117, 'wl02tY5D-MZy1-ziDy-r41X-E15yd1Rfv1BS', 'some_name117', 'some_description117', '110.27', 45, -7, null, 6, true);
insert into dish (id, dish_code, name, description, price, average_preparation_time_min, restaurant_id, dish_photo_id, dish_category_id, is_active) values (-118, '62V7ptd0-2uvT-OHL6-WBcb-D6B3dxyb3ZVn', 'some_name118', 'some_description118', '124.55', 89, -18, null, 6, true);
insert into dish (id, dish_code, name, description, price, average_preparation_time_min, restaurant_id, dish_photo_id, dish_category_id, is_active) values (-119, '5rySyCGd-Jo2z-S8o8-gKIh-bTu6LK3zg555', 'some_name119', 'some_description119', '224.38', 23, -3, null, 2, true);
insert into dish (id, dish_code, name, description, price, average_preparation_time_min, restaurant_id, dish_photo_id, dish_category_id, is_active) values (-120, 'K255vYO9-kg6C-bx7R-Av6t-w0N2M2m2EN7Z', 'some_name120', 'some_description120', '112.46', 28, -23, null, 1, true);
insert into dish (id, dish_code, name, description, price, average_preparation_time_min, restaurant_id, dish_photo_id, dish_category_id, is_active) values (-121, 'SjIMWo81-BC40-u0Pk-LpiR-ZU94lNcu317U', 'some_name121', 'some_description121', '117.21', 109, -22, null, 4, true);
insert into dish (id, dish_code, name, description, price, average_preparation_time_min, restaurant_id, dish_photo_id, dish_category_id, is_active) values (-122, '4qT13cyC-V6m4-SxuE-II6h-gjqU9BMEf11C', 'some_name122', 'some_description122', '219.82', 3, -21, null, 2, true);
insert into dish (id, dish_code, name, description, price, average_preparation_time_min, restaurant_id, dish_photo_id, dish_category_id, is_active) values (-123, '36W75vKy-DSxZ-20B7-4XIE-9c3Gw9erTTUK', 'some_name123', 'some_description123', '98.30', 104, -12, null, 4, true);
insert into dish (id, dish_code, name, description, price, average_preparation_time_min, restaurant_id, dish_photo_id, dish_category_id, is_active) values (-124, 'DUoJbIP3-5RwP-2Wb1-z8e7-I3nA9MZoNLtp', 'some_name124', 'some_description124', '141.77', 108, -9, null, 3, true);
insert into dish (id, dish_code, name, description, price, average_preparation_time_min, restaurant_id, dish_photo_id, dish_category_id, is_active) values (-125, '5t821j2h-Oub9-U29B-0dzK-i5gI731B7i0L', 'some_name125', 'some_description125', '93.04', 51, -2, null, 3, true);
insert into dish (id, dish_code, name, description, price, average_preparation_time_min, restaurant_id, dish_photo_id, dish_category_id, is_active) values (-126, 'fsvG6Hrn-Gj4Z-cpI2-2rRn-ocyk34ykpSy8', 'some_name126', 'some_description126', '236.68', 114, -22, null, 5, true);
insert into dish (id, dish_code, name, description, price, average_preparation_time_min, restaurant_id, dish_photo_id, dish_category_id, is_active) values (-127, '8GMZ8IaV-54f9-w956-mH7M-F5AWH2BhiN1U', 'some_name127', 'some_description127', '209.88', 98, -9, null, 2, true);
insert into dish (id, dish_code, name, description, price, average_preparation_time_min, restaurant_id, dish_photo_id, dish_category_id, is_active) values (-128, '91VZac51-v3n0-ZJuq-wfG2-l5RFDmTmJjJI', 'some_name128', 'some_description128', '64.60', 41, -15, null, 3, true);
insert into dish (id, dish_code, name, description, price, average_preparation_time_min, restaurant_id, dish_photo_id, dish_category_id, is_active) values (-129, '9Y5rL2R0-RsIv-vlEv-vjw2-K3NKT14mSav5', 'some_name129', 'some_description129', '183.47', 89, -19, null, 2, true);
insert into dish (id, dish_code, name, description, price, average_preparation_time_min, restaurant_id, dish_photo_id, dish_category_id, is_active) values (-130, 'j9Pam2xS-96gl-6g2a-sl4z-7zkF5lENF8D5', 'some_name130', 'some_description130', '288.28', 67, -1, null, 4, true);
insert into dish (id, dish_code, name, description, price, average_preparation_time_min, restaurant_id, dish_photo_id, dish_category_id, is_active) values (-131, 'seS0j6ec-4S3l-76Ql-Rry6-13LmUpGM08oH', 'some_name131', 'some_description131', '159.48', 67, -13, null, 3, true);
insert into dish (id, dish_code, name, description, price, average_preparation_time_min, restaurant_id, dish_photo_id, dish_category_id, is_active) values (-132, '6J9v394t-gBb9-2Y75-OiV1-EHkl14241qvC', 'some_name132', 'some_description132', '159.63', 111, -3, null, 3, true);
insert into dish (id, dish_code, name, description, price, average_preparation_time_min, restaurant_id, dish_photo_id, dish_category_id, is_active) values (-133, '7994nD2b-4831-S0jr-As8Q-p4wReWy7igWV', 'some_name133', 'some_description133', '131.13', 67, -2, null, 1, true);
insert into dish (id, dish_code, name, description, price, average_preparation_time_min, restaurant_id, dish_photo_id, dish_category_id, is_active) values (-134, '1FqNw08R-6540-o1Lj-1UCL-vLSLci3sW72a', 'some_name134', 'some_description134', '77.20', 91, -20, null, 3, true);
insert into dish (id, dish_code, name, description, price, average_preparation_time_min, restaurant_id, dish_photo_id, dish_category_id, is_active) values (-135, '1X3bh707-0clV-ASwB-nD4s-2rSHI53wCL21', 'some_name135', 'some_description135', '264.46', 58, -16, null, 6, true);
insert into dish (id, dish_code, name, description, price, average_preparation_time_min, restaurant_id, dish_photo_id, dish_category_id, is_active) values (-136, '95HPy9uz-9KU8-Udrm-rhIF-mco7D8bZ3aPn', 'some_name136', 'some_description136', '169.84', 10, -5, null, 6, true);
insert into dish (id, dish_code, name, description, price, average_preparation_time_min, restaurant_id, dish_photo_id, dish_category_id, is_active) values (-137, '53l8IXk8-35NN-1pzg-91R8-Te8Zc2c8t0wU', 'some_name137', 'some_description137', '77.68', 113, -8, null, 4, true);
insert into dish (id, dish_code, name, description, price, average_preparation_time_min, restaurant_id, dish_photo_id, dish_category_id, is_active) values (-138, '4h9HM2A9-VNEL-PPgo-rCL2-r8o80SGp2bqJ', 'some_name138', 'some_description138', '288.48', 55, -24, null, 4, true);
insert into dish (id, dish_code, name, description, price, average_preparation_time_min, restaurant_id, dish_photo_id, dish_category_id, is_active) values (-139, 'G2fNH3MU-7yU5-k8ty-t0q8-4Qz05ZQPTN7t', 'some_name139', 'some_description139', '81.87', 52, -9, null, 6, true);
insert into dish (id, dish_code, name, description, price, average_preparation_time_min, restaurant_id, dish_photo_id, dish_category_id, is_active) values (-140, '09DK5ILT-37Gi-0z8q-8Qy3-g6NXWhB8eV9e', 'some_name140', 'some_description140', '126.75', 65, -16, null, 3, true);
insert into dish (id, dish_code, name, description, price, average_preparation_time_min, restaurant_id, dish_photo_id, dish_category_id, is_active) values (-141, 'ut0lhAyR-mSL3-HZEH-k3l8-j6DffP9l3DFj', 'some_name141', 'some_description141', '88.67', 1, -4, null, 4, true);
insert into dish (id, dish_code, name, description, price, average_preparation_time_min, restaurant_id, dish_photo_id, dish_category_id, is_active) values (-142, 'YB7D5Xws-z0Lz-0IKt-KRI5-31241lMcx16v', 'some_name142', 'some_description142', '65.64', 8, -18, null, 5, true);
insert into dish (id, dish_code, name, description, price, average_preparation_time_min, restaurant_id, dish_photo_id, dish_category_id, is_active) values (-143, '08sWr2nE-Br64-9zcU-6h10-904y557Y3rDh', 'some_name143', 'some_description143', '158.75', 31, -2, null, 3, true);
insert into dish (id, dish_code, name, description, price, average_preparation_time_min, restaurant_id, dish_photo_id, dish_category_id, is_active) values (-144, 'P177ZGkn-L6M4-8z7M-8S45-M5q7S4xbDf66', 'some_name144', 'some_description144', '70.95', 25, -13, null, 3, true);
insert into dish (id, dish_code, name, description, price, average_preparation_time_min, restaurant_id, dish_photo_id, dish_category_id, is_active) values (-145, '8IRexWFB-3HRL-97Ij-61kw-W8SE59lFTQaQ', 'some_name145', 'some_description145', '190.34', 91, -14, null, 4, true);
insert into dish (id, dish_code, name, description, price, average_preparation_time_min, restaurant_id, dish_photo_id, dish_category_id, is_active) values (-146, 'viYB501m-2J8L-A6A8-53MO-7ZCgghX63O2T', 'some_name146', 'some_description146', '75.28', 54, -13, null, 5, true);
insert into dish (id, dish_code, name, description, price, average_preparation_time_min, restaurant_id, dish_photo_id, dish_category_id, is_active) values (-147, 'ogua8L7N-i2CZ-6ylP-4rob-0E6L4Qy8YI08', 'some_name147', 'some_description147', '205.39', 80, -7, null, 6, true);
insert into dish (id, dish_code, name, description, price, average_preparation_time_min, restaurant_id, dish_photo_id, dish_category_id, is_active) values (-148, '5Bj73Mb5-IqyH-86s1-930j-3B5sOL8rAzJJ', 'some_name148', 'some_description148', '107.94', 103, -13, null, 4, true);
insert into dish (id, dish_code, name, description, price, average_preparation_time_min, restaurant_id, dish_photo_id, dish_category_id, is_active) values (-149, 'J23Y563S-p8yp-7ZLz-757b-5RVeI74KZZ59', 'some_name149', 'some_description149', '148.91', 107, -19, null, 3, true);
insert into dish (id, dish_code, name, description, price, average_preparation_time_min, restaurant_id, dish_photo_id, dish_category_id, is_active) values (-150, 'T9aj0khz-cYxV-23kB-I9hw-447fbgEd4C37', 'some_name150', 'some_description150', '18.56', 88, -18, null, 5, true);
insert into dish (id, dish_code, name, description, price, average_preparation_time_min, restaurant_id, dish_photo_id, dish_category_id, is_active) values (-151, 'zV1Dr07u-6BSj-NF8F-X6cL-R42Lu9SR95X6', 'some_name151', 'some_description151', '126.75', 69, -7, null, 6, true);
insert into dish (id, dish_code, name, description, price, average_preparation_time_min, restaurant_id, dish_photo_id, dish_category_id, is_active) values (-152, 'jQ1oj6Y1-D8xa-awUv-015G-gH0TpX9G4wg5', 'some_name152', 'some_description152', '262.98', 31, -6, null, 3, true);
insert into dish (id, dish_code, name, description, price, average_preparation_time_min, restaurant_id, dish_photo_id, dish_category_id, is_active) values (-153, '0o69Bm5v-VvJ2-FvjV-2pz2-M3XLU15EG6fO', 'some_name153', 'some_description153', '83.56', 8, -16, null, 5, true);
insert into dish (id, dish_code, name, description, price, average_preparation_time_min, restaurant_id, dish_photo_id, dish_category_id, is_active) values (-154, '1OjWBhW5-xdYQ-5z07-M2lz-HevIahM6SmA0', 'some_name154', 'some_description154', '132.23', 56, -2, null, 4, true);
insert into dish (id, dish_code, name, description, price, average_preparation_time_min, restaurant_id, dish_photo_id, dish_category_id, is_active) values (-155, 'n8xwxpSf-5EKg-Jg1l-YKT0-0O73h38aPK4K', 'some_name155', 'some_description155', '46.55', 113, -2, null, 5, true);
insert into dish (id, dish_code, name, description, price, average_preparation_time_min, restaurant_id, dish_photo_id, dish_category_id, is_active) values (-156, 'BxDx7DVN-M8vt-1CqI-Y5UC-y95xpN6r9vKe', 'some_name156', 'some_description156', '243.06', 69, -22, null, 5, true);
insert into dish (id, dish_code, name, description, price, average_preparation_time_min, restaurant_id, dish_photo_id, dish_category_id, is_active) values (-157, 'L61SqOll-WP1H-ugae-hNos-yJ54OZASdEhs', 'some_name157', 'some_description157', '269.62', 42, -19, null, 5, true);
insert into dish (id, dish_code, name, description, price, average_preparation_time_min, restaurant_id, dish_photo_id, dish_category_id, is_active) values (-158, 'xm66RH26-u88p-C3s3-f7U0-0gHGr2cvi5HH', 'some_name158', 'some_description158', '263.15', 100, -4, null, 1, true);
insert into dish (id, dish_code, name, description, price, average_preparation_time_min, restaurant_id, dish_photo_id, dish_category_id, is_active) values (-159, '8Jz5EHuO-h13k-25k5-aVM7-086tz3W59ZaT', 'some_name159', 'some_description159', '252.88', 67, -1, null, 5, true);
insert into dish (id, dish_code, name, description, price, average_preparation_time_min, restaurant_id, dish_photo_id, dish_category_id, is_active) values (-160, '76CA6055-SWvE-Su3i-hlAY-7Cj9fTE33noQ', 'some_name160', 'some_description160', '68.96', 5, -19, null, 4, true);
insert into dish (id, dish_code, name, description, price, average_preparation_time_min, restaurant_id, dish_photo_id, dish_category_id, is_active) values (-161, 'VVMw37Zl-Vg43-w067-Q2NS-c78o32mWf6kg', 'some_name161', 'some_description161', '108.33', 69, -22, null, 2, true);
insert into dish (id, dish_code, name, description, price, average_preparation_time_min, restaurant_id, dish_photo_id, dish_category_id, is_active) values (-162, 'awKCJm0y-oO7I-Go9f-b0H2-64ySH90Gi59v', 'some_name162', 'some_description162', '260.11', 33, -4, null, 3, true);
insert into dish (id, dish_code, name, description, price, average_preparation_time_min, restaurant_id, dish_photo_id, dish_category_id, is_active) values (-163, '0p70axLr-OoGg-7uu7-0i45-v8ngxhVyii2N', 'some_name163', 'some_description163', '288.63', 29, -2, null, 3, true);
insert into dish (id, dish_code, name, description, price, average_preparation_time_min, restaurant_id, dish_photo_id, dish_category_id, is_active) values (-164, 'T00tjZT1-K7f3-znD1-5wrU-jN564P6u7kNZ', 'some_name164', 'some_description164', '176.37', 48, -14, null, 6, true);
insert into dish (id, dish_code, name, description, price, average_preparation_time_min, restaurant_id, dish_photo_id, dish_category_id, is_active) values (-165, '2lePe64T-cYgk-cJhd-0HTC-G7lZIf8fYUEx', 'some_name165', 'some_description165', '178.92', 37, -25, null, 3, true);
insert into dish (id, dish_code, name, description, price, average_preparation_time_min, restaurant_id, dish_photo_id, dish_category_id, is_active) values (-166, 'moXGvx71-3TNH-4z4u-D896-1jY2ef93TdMg', 'some_name166', 'some_description166', '202.42', 20, -8, null, 3, true);
insert into dish (id, dish_code, name, description, price, average_preparation_time_min, restaurant_id, dish_photo_id, dish_category_id, is_active) values (-167, 'B2g0uN5M-nmdz-Mth4-633l-6EYiEGveWW38', 'some_name167', 'some_description167', '176.66', 70, -14, null, 3, true);
insert into dish (id, dish_code, name, description, price, average_preparation_time_min, restaurant_id, dish_photo_id, dish_category_id, is_active) values (-168, 'DC98T7Hd-xOLJ-l93g-8wk8-R005ZD8zvfrh', 'some_name168', 'some_description168', '208.09', 17, -14, null, 4, true);
insert into dish (id, dish_code, name, description, price, average_preparation_time_min, restaurant_id, dish_photo_id, dish_category_id, is_active) values (-169, 'xN0nyCaA-QmEk-z6hh-0c07-9W7F91lBF0s7', 'some_name169', 'some_description169', '171.89', 53, -4, null, 6, true);
insert into dish (id, dish_code, name, description, price, average_preparation_time_min, restaurant_id, dish_photo_id, dish_category_id, is_active) values (-170, 'o68Cc2Zb-NSBP-lAG3-46qu-7dhu47KU7IhB', 'some_name170', 'some_description170', '70.07', 31, -3, null, 1, true);
insert into dish (id, dish_code, name, description, price, average_preparation_time_min, restaurant_id, dish_photo_id, dish_category_id, is_active) values (-171, 'dl2mB7us-X74s-mc9E-2Im5-D0d7nJ8PEyWq', 'some_name171', 'some_description171', '165.21', 60, -9, null, 5, true);
insert into dish (id, dish_code, name, description, price, average_preparation_time_min, restaurant_id, dish_photo_id, dish_category_id, is_active) values (-172, 'qTLS5J6A-7U4M-097L-vP2m-TmK8Hm32RaF2', 'some_name172', 'some_description172', '282.44', 26, -21, null, 4, true);
insert into dish (id, dish_code, name, description, price, average_preparation_time_min, restaurant_id, dish_photo_id, dish_category_id, is_active) values (-173, 'c74uSDEJ-ix24-a92V-v1gY-Uc2SDb395I4K', 'some_name173', 'some_description173', '162.51', 15, -24, null, 4, true);
insert into dish (id, dish_code, name, description, price, average_preparation_time_min, restaurant_id, dish_photo_id, dish_category_id, is_active) values (-174, 'u6zWfp37-oG2O-wXG6-3spK-l190u88E49r3', 'some_name174', 'some_description174', '201.24', 1, -22, null, 4, true);
insert into dish (id, dish_code, name, description, price, average_preparation_time_min, restaurant_id, dish_photo_id, dish_category_id, is_active) values (-175, 'sfkh20Zd-fNRb-D95g-n436-Wx2N8Z8EXdo3', 'some_name175', 'some_description175', '45.66', 50, -5, null, 5, true);
insert into dish (id, dish_code, name, description, price, average_preparation_time_min, restaurant_id, dish_photo_id, dish_category_id, is_active) values (-176, '8kOlWdLX-8w18-Y7K4-H26E-3563ZbPI00dv', 'some_name176', 'some_description176', '22.92', 33, -15, null, 2, true);
insert into dish (id, dish_code, name, description, price, average_preparation_time_min, restaurant_id, dish_photo_id, dish_category_id, is_active) values (-177, 'Qpl73V27-lb7R-8noo-lwyP-EaX3kAcvRfF0', 'some_name177', 'some_description177', '189.71', 111, -14, null, 4, true);
insert into dish (id, dish_code, name, description, price, average_preparation_time_min, restaurant_id, dish_photo_id, dish_category_id, is_active) values (-178, 'Avxcc742-K972-Wnv6-wHF3-qtEQ4b4wzARQ', 'some_name178', 'some_description178', '52.62', 67, -6, null, 6, true);
insert into dish (id, dish_code, name, description, price, average_preparation_time_min, restaurant_id, dish_photo_id, dish_category_id, is_active) values (-179, '3oRrY050-9Qx1-ia3G-lV0P-4c55AwpcCKjc', 'some_name179', 'some_description179', '19.40', 77, -2, null, 6, true);
insert into dish (id, dish_code, name, description, price, average_preparation_time_min, restaurant_id, dish_photo_id, dish_category_id, is_active) values (-180, 'mjn7PoD0-027m-Xz7M-2JL7-RqGqdvSx23wd', 'some_name180', 'some_description180', '131.37', 105, -16, null, 5, true);
insert into dish (id, dish_code, name, description, price, average_preparation_time_min, restaurant_id, dish_photo_id, dish_category_id, is_active) values (-181, 'xJHhrxKp-bVvM-MP52-Mx0B-V01e5skC9yY1', 'some_name181', 'some_description181', '187.49', 58, -23, null, 6, true);
insert into dish (id, dish_code, name, description, price, average_preparation_time_min, restaurant_id, dish_photo_id, dish_category_id, is_active) values (-182, '4s0STGyy-VbZW-rEiV-N1n0-ME6w3gfzg51g', 'some_name182', 'some_description182', '266.71', 40, -3, null, 6, true);
insert into dish (id, dish_code, name, description, price, average_preparation_time_min, restaurant_id, dish_photo_id, dish_category_id, is_active) values (-183, 'y254X223-62n9-5WF5-9M7X-6LvHow3Zc5yn', 'some_name183', 'some_description183', '25.95', 95, -4, null, 4, true);
insert into dish (id, dish_code, name, description, price, average_preparation_time_min, restaurant_id, dish_photo_id, dish_category_id, is_active) values (-184, '590ae28Q-434U-sb51-f08l-2eW6ApSOl5NL', 'some_name184', 'some_description184', '231.34', 60, -11, null, 6, true);
insert into dish (id, dish_code, name, description, price, average_preparation_time_min, restaurant_id, dish_photo_id, dish_category_id, is_active) values (-185, 'dzY5k7U4-p7XI-9F8l-M0xL-OnDXt4G9cWCP', 'some_name185', 'some_description185', '112.16', 56, -16, null, 4, true);
insert into dish (id, dish_code, name, description, price, average_preparation_time_min, restaurant_id, dish_photo_id, dish_category_id, is_active) values (-186, 'ps87iq9H-o930-4EKv-oR7o-TOql8kfBfvZk', 'some_name186', 'some_description186', '17.71', 11, -12, null, 3, true);
insert into dish (id, dish_code, name, description, price, average_preparation_time_min, restaurant_id, dish_photo_id, dish_category_id, is_active) values (-187, 'cCMSJrEE-K489-v6Sx-H5VJ-4q6rNPTWZY96', 'some_name187', 'some_description187', '52.15', 74, -10, null, 3, true);
insert into dish (id, dish_code, name, description, price, average_preparation_time_min, restaurant_id, dish_photo_id, dish_category_id, is_active) values (-188, 'n4DWf6r5-JOSr-gjLE-tMyb-S1VU8Nr2cSFO', 'some_name188', 'some_description188', '137.04', 84, -8, null, 4, true);
insert into dish (id, dish_code, name, description, price, average_preparation_time_min, restaurant_id, dish_photo_id, dish_category_id, is_active) values (-189, 'zA8NNUo8-W3Dp-eQ96-B3L4-975u07jtEFf3', 'some_name189', 'some_description189', '265.69', 13, -8, null, 5, true);
insert into dish (id, dish_code, name, description, price, average_preparation_time_min, restaurant_id, dish_photo_id, dish_category_id, is_active) values (-190, '0g9788W2-jkTq-r43T-GT17-Hwb8z0bknRzS', 'some_name190', 'some_description190', '101.68', 56, -24, null, 6, true);
insert into dish (id, dish_code, name, description, price, average_preparation_time_min, restaurant_id, dish_photo_id, dish_category_id, is_active) values (-191, '0oY19F4R-1D48-q70u-RXXl-52Y81vLVoU4y', 'some_name191', 'some_description191', '113.68', 109, -4, null, 1, true);
insert into dish (id, dish_code, name, description, price, average_preparation_time_min, restaurant_id, dish_photo_id, dish_category_id, is_active) values (-192, '4oqobXqy-rs8l-531d-mW6Y-hICxXjNHur8P', 'some_name192', 'some_description192', '10.48', 88, -14, null, 5, true);
insert into dish (id, dish_code, name, description, price, average_preparation_time_min, restaurant_id, dish_photo_id, dish_category_id, is_active) values (-193, '8MA6obzp-Pxy2-H9ib-mM4Q-Mb2j1gZGZk7I', 'some_name193', 'some_description193', '151.43', 6, -8, null, 2, true);
insert into dish (id, dish_code, name, description, price, average_preparation_time_min, restaurant_id, dish_photo_id, dish_category_id, is_active) values (-194, 'HmdG5xMm-12FQ-9X88-a938-1rw67TO1r8XV', 'some_name194', 'some_description194', '20.72', 74, -17, null, 3, true);
insert into dish (id, dish_code, name, description, price, average_preparation_time_min, restaurant_id, dish_photo_id, dish_category_id, is_active) values (-195, '7O4KwQP1-fSo6-uO04-6OFD-1nSeeTavkaQ0', 'some_name195', 'some_description195', '274.29', 62, -18, null, 4, true);
insert into dish (id, dish_code, name, description, price, average_preparation_time_min, restaurant_id, dish_photo_id, dish_category_id, is_active) values (-196, '5PR78a9u-zt50-7iG4-quf3-eV03P49B7Z1l', 'some_name196', 'some_description196', '47.07', 85, -4, null, 3, true);
insert into dish (id, dish_code, name, description, price, average_preparation_time_min, restaurant_id, dish_photo_id, dish_category_id, is_active) values (-197, 'JXnK2w57-t41d-numr-que3-fNKg6VQw0l3q', 'some_name197', 'some_description197', '44.68', 39, -17, null, 2, true);
insert into dish (id, dish_code, name, description, price, average_preparation_time_min, restaurant_id, dish_photo_id, dish_category_id, is_active) values (-198, 'o4329Z80-p8pR-ZjQH-U33F-7h922ztKLDn2', 'some_name198', 'some_description198', '48.63', 22, -2, null, 6, true);
insert into dish (id, dish_code, name, description, price, average_preparation_time_min, restaurant_id, dish_photo_id, dish_category_id, is_active) values (-199, '5s554UMG-ODLm-479w-Qyf6-m471Oy01H569', 'some_name199', 'some_description199', '233.47', 19, -13, null, 3, true);
insert into dish (id, dish_code, name, description, price, average_preparation_time_min, restaurant_id, dish_photo_id, dish_category_id, is_active) values (-200, 'hnGI9R1E-M0w5-nt63-23zx-Z3KGI60RSI9C', 'some_name200', 'some_description200', '224.88', 117, -20, null, 5, true);
