

insert into food_delivery_user (id, user_name, email, password, active) values (-6, 'd_m_user_2', 'fake_mail2@mail.com', '$2a$12$migHtJqTkooFAWGnPGcSkOLMlcSHavEbTUCdQdYtE6NRF/bYWeHZ2', true);
insert into food_delivery_user (id, user_name, email, password, active) values (-7, 'd_m_user_3', 'fake_mail3@mail.com', '$2a$12$migHtJqTkooFAWGnPGcSkOLMlcSHavEbTUCdQdYtE6NRF/bYWeHZ2', true);
insert into food_delivery_user (id, user_name, email, password, active) values (-8, 'd_m_user_4', 'fake_mail4@mail.com', '$2a$12$migHtJqTkooFAWGnPGcSkOLMlcSHavEbTUCdQdYtE6NRF/bYWeHZ2', true);
insert into food_delivery_user (id, user_name, email, password, active) values (-9, 'd_m_user_5', 'fake_mail5@mail.com', '$2a$12$migHtJqTkooFAWGnPGcSkOLMlcSHavEbTUCdQdYtE6NRF/bYWeHZ2', true);
insert into food_delivery_user (id, user_name, email, password, active) values (-10, 'd_m_user_6', 'fake_mail6@mail.com.cn', '$2a$12$migHtJqTkooFAWGnPGcSkOLMlcSHavEbTUCdQdYtE6NRF/bYWeHZ2', true);
insert into food_delivery_user (id, user_name, email, password, active) values (-11, 'd_m_user_7', 'fake_mail7@mail.com', '$2a$12$migHtJqTkooFAWGnPGcSkOLMlcSHavEbTUCdQdYtE6NRF/bYWeHZ2', true);
insert into food_delivery_user (id, user_name, email, password, active) values (-12, 'd_m_user_8', 'fake_mail8@mail.com', '$2a$12$migHtJqTkooFAWGnPGcSkOLMlcSHavEbTUCdQdYtE6NRF/bYWeHZ2', true);
insert into food_delivery_user (id, user_name, email, password, active) values (-13, 'd_m_user_9', 'fake_mail9@mail.com', '$2a$12$migHtJqTkooFAWGnPGcSkOLMlcSHavEbTUCdQdYtE6NRF/bYWeHZ2', true);
insert into food_delivery_user (id, user_name, email, password, active) values (-14, 'd_m_user_10', 'fake_mail10@mail.com', '$2a$12$migHtJqTkooFAWGnPGcSkOLMlcSHavEbTUCdQdYtE6NRF/bYWeHZ2', true);
insert into food_delivery_user (id, user_name, email, password, active) values (-15, 'd_m_user_11', 'fake_mail11@mail.com', '$2a$12$migHtJqTkooFAWGnPGcSkOLMlcSHavEbTUCdQdYtE6NRF/bYWeHZ2', true);
insert into food_delivery_user (id, user_name, email, password, active) values (-16, 'd_m_user_12', 'fake_mail12@mail.com', '$2a$12$migHtJqTkooFAWGnPGcSkOLMlcSHavEbTUCdQdYtE6NRF/bYWeHZ2', true);
insert into food_delivery_user (id, user_name, email, password, active) values (-17, 'd_m_user_13', 'fake_mail13@mail.com', '$2a$12$migHtJqTkooFAWGnPGcSkOLMlcSHavEbTUCdQdYtE6NRF/bYWeHZ2', true);
insert into food_delivery_user (id, user_name, email, password, active) values (-18, 'd_m_user_14', 'fake_mail14@mail-com.co.uk', '$2a$12$migHtJqTkooFAWGnPGcSkOLMlcSHavEbTUCdQdYtE6NRF/bYWeHZ2', true);
insert into food_delivery_user (id, user_name, email, password, active) values (-19, 'd_m_user_15', 'fake_mail15@mail.com', '$2a$12$migHtJqTkooFAWGnPGcSkOLMlcSHavEbTUCdQdYtE6NRF/bYWeHZ2', true);
insert into food_delivery_user (id, user_name, email, password, active) values (-20, 'd_m_user_16', 'fake_mail16@mail.com.au', '$2a$12$migHtJqTkooFAWGnPGcSkOLMlcSHavEbTUCdQdYtE6NRF/bYWeHZ2', true);
insert into food_delivery_user (id, user_name, email, password, active) values (-21, 'd_m_user_17', 'fake_mail17@mail.com', '$2a$12$migHtJqTkooFAWGnPGcSkOLMlcSHavEbTUCdQdYtE6NRF/bYWeHZ2', true);
insert into food_delivery_user (id, user_name, email, password, active) values (-22, 'd_m_user_18', 'fake_mail18@mail.com', '$2a$12$migHtJqTkooFAWGnPGcSkOLMlcSHavEbTUCdQdYtE6NRF/bYWeHZ2', true);
insert into food_delivery_user (id, user_name, email, password, active) values (-23, 'd_m_user_19', 'fake_mail19@mail.com', '$2a$12$migHtJqTkooFAWGnPGcSkOLMlcSHavEbTUCdQdYtE6NRF/bYWeHZ2', true);
insert into food_delivery_user (id, user_name, email, password, active) values (-24, 'd_m_user_20', 'fake_mail20@mail.com.jp', '$2a$12$migHtJqTkooFAWGnPGcSkOLMlcSHavEbTUCdQdYtE6NRF/bYWeHZ2', true);
insert into food_delivery_user (id, user_name, email, password, active) values (-25, 'd_m_user_21', 'fake_mail21@mail.com', '$2a$12$migHtJqTkooFAWGnPGcSkOLMlcSHavEbTUCdQdYtE6NRF/bYWeHZ2', true);
insert into food_delivery_user (id, user_name, email, password, active) values (-26, 'd_m_user_22', 'fake_mail22@mail.com', '$2a$12$migHtJqTkooFAWGnPGcSkOLMlcSHavEbTUCdQdYtE6NRF/bYWeHZ2', true);
insert into food_delivery_user (id, user_name, email, password, active) values (-27, 'd_m_user_23', 'fake_mail23@mail.com', '$2a$12$migHtJqTkooFAWGnPGcSkOLMlcSHavEbTUCdQdYtE6NRF/bYWeHZ2', true);
insert into food_delivery_user (id, user_name, email, password, active) values (-28, 'd_m_user_24', 'fake_mail24@mail.com', '$2a$12$migHtJqTkooFAWGnPGcSkOLMlcSHavEbTUCdQdYtE6NRF/bYWeHZ2', true);
insert into food_delivery_user (id, user_name, email, password, active) values (-29, 'd_m_user_25', 'fake_mail25@mail.com', '$2a$12$migHtJqTkooFAWGnPGcSkOLMlcSHavEbTUCdQdYtE6NRF/bYWeHZ2', true);
insert into food_delivery_user (id, user_name, email, password, active) values (-30, 'd_m_user_26', 'fake_mail26@mail.com', '$2a$12$migHtJqTkooFAWGnPGcSkOLMlcSHavEbTUCdQdYtE6NRF/bYWeHZ2', true);
insert into food_delivery_user (id, user_name, email, password, active) values (-31, 'd_m_user_27', 'fake_mail27@mail.com', '$2a$12$migHtJqTkooFAWGnPGcSkOLMlcSHavEbTUCdQdYtE6NRF/bYWeHZ2', true);
insert into food_delivery_user (id, user_name, email, password, active) values (-32, 'd_m_user_28', 'fake_mail28@mail.com', '$2a$12$migHtJqTkooFAWGnPGcSkOLMlcSHavEbTUCdQdYtE6NRF/bYWeHZ2', true);
insert into food_delivery_user (id, user_name, email, password, active) values (-33, 'd_m_user_29', 'fake_mail29@mail.com', '$2a$12$migHtJqTkooFAWGnPGcSkOLMlcSHavEbTUCdQdYtE6NRF/bYWeHZ2', true);
insert into food_delivery_user (id, user_name, email, password, active) values (-34, 'd_m_user_30', 'fake_mail30@mail.com', '$2a$12$migHtJqTkooFAWGnPGcSkOLMlcSHavEbTUCdQdYtE6NRF/bYWeHZ2', true);
insert into food_delivery_user (id, user_name, email, password, active) values (-35, 'd_m_user_31', 'fake_mail31@mail.com', '$2a$12$migHtJqTkooFAWGnPGcSkOLMlcSHavEbTUCdQdYtE6NRF/bYWeHZ2', true);
insert into food_delivery_user (id, user_name, email, password, active) values (-36, 'd_m_user_32', 'fake_mail32@mail.com.uk', '$2a$12$migHtJqTkooFAWGnPGcSkOLMlcSHavEbTUCdQdYtE6NRF/bYWeHZ2', true);
insert into food_delivery_user (id, user_name, email, password, active) values (-37, 'd_m_user_33', 'fake_mail33@mail.com', '$2a$12$migHtJqTkooFAWGnPGcSkOLMlcSHavEbTUCdQdYtE6NRF/bYWeHZ2', true);
insert into food_delivery_user (id, user_name, email, password, active) values (-38, 'd_m_user_34', 'fake_mail34@mail.com', '$2a$12$migHtJqTkooFAWGnPGcSkOLMlcSHavEbTUCdQdYtE6NRF/bYWeHZ2', true);
insert into food_delivery_user (id, user_name, email, password, active) values (-39, 'd_m_user_35', 'fake_mail35@mail.com', '$2a$12$migHtJqTkooFAWGnPGcSkOLMlcSHavEbTUCdQdYtE6NRF/bYWeHZ2', true);
insert into food_delivery_user (id, user_name, email, password, active) values (-40, 'd_m_user_36', 'fake_mail36@mail.com', '$2a$12$migHtJqTkooFAWGnPGcSkOLMlcSHavEbTUCdQdYtE6NRF/bYWeHZ2', true);
insert into food_delivery_user (id, user_name, email, password, active) values (-41, 'd_m_user_37', 'fake_mail37@mail.com', '$2a$12$migHtJqTkooFAWGnPGcSkOLMlcSHavEbTUCdQdYtE6NRF/bYWeHZ2', true);
insert into food_delivery_user (id, user_name, email, password, active) values (-42, 'd_m_user_38', 'fake_mail38@mail.com', '$2a$12$migHtJqTkooFAWGnPGcSkOLMlcSHavEbTUCdQdYtE6NRF/bYWeHZ2', true);
insert into food_delivery_user (id, user_name, email, password, active) values (-43, 'd_m_user_39', 'fake_mail39@mail.com', '$2a$12$migHtJqTkooFAWGnPGcSkOLMlcSHavEbTUCdQdYtE6NRF/bYWeHZ2', true);
insert into food_delivery_user (id, user_name, email, password, active) values (-44, 'd_m_user_40', 'fake_mail40@mail.com', '$2a$12$migHtJqTkooFAWGnPGcSkOLMlcSHavEbTUCdQdYtE6NRF/bYWeHZ2', true);
insert into food_delivery_user (id, user_name, email, password, active) values (-45, 'd_m_user_41', 'fake_mail41@mail.com', '$2a$12$migHtJqTkooFAWGnPGcSkOLMlcSHavEbTUCdQdYtE6NRF/bYWeHZ2', true);
insert into food_delivery_user (id, user_name, email, password, active) values (-46, 'd_m_user_42', 'fake_mail42@mail.com', '$2a$12$migHtJqTkooFAWGnPGcSkOLMlcSHavEbTUCdQdYtE6NRF/bYWeHZ2', true);
insert into food_delivery_user (id, user_name, email, password, active) values (-47, 'd_m_user_43', 'fake_mail43@mail.com', '$2a$12$migHtJqTkooFAWGnPGcSkOLMlcSHavEbTUCdQdYtE6NRF/bYWeHZ2', true);
insert into food_delivery_user (id, user_name, email, password, active) values (-48, 'd_m_user_44', 'fake_mail44@mail.com', '$2a$12$migHtJqTkooFAWGnPGcSkOLMlcSHavEbTUCdQdYtE6NRF/bYWeHZ2', true);
insert into food_delivery_user (id, user_name, email, password, active) values (-49, 'd_m_user_45', 'fake_mail45@mail.com', '$2a$12$migHtJqTkooFAWGnPGcSkOLMlcSHavEbTUCdQdYtE6NRF/bYWeHZ2', true);
insert into food_delivery_user (id, user_name, email, password, active) values (-50, 'd_m_user_46', 'fake_mail46@mail.com', '$2a$12$migHtJqTkooFAWGnPGcSkOLMlcSHavEbTUCdQdYtE6NRF/bYWeHZ2', true);
insert into food_delivery_user (id, user_name, email, password, active) values (-51, 'd_m_user_47', 'fake_mail47@mail.com', '$2a$12$migHtJqTkooFAWGnPGcSkOLMlcSHavEbTUCdQdYtE6NRF/bYWeHZ2', true);
insert into food_delivery_user (id, user_name, email, password, active) values (-52, 'd_m_user_48', 'fake_mail48@mail.com', '$2a$12$migHtJqTkooFAWGnPGcSkOLMlcSHavEbTUCdQdYtE6NRF/bYWeHZ2', true);
insert into food_delivery_user (id, user_name, email, password, active) values (-53, 'd_m_user_49', 'fake_mail49@mail.com', '$2a$12$migHtJqTkooFAWGnPGcSkOLMlcSHavEbTUCdQdYtE6NRF/bYWeHZ2', true);
insert into food_delivery_user (id, user_name, email, password, active) values (-54, 'd_m_user_50', 'fake_mail50@mail.com', '$2a$12$migHtJqTkooFAWGnPGcSkOLMlcSHavEbTUCdQdYtE6NRF/bYWeHZ2', true);
insert into food_delivery_user (id, user_name, email, password, active) values (-55, 'd_m_user_51', 'fake_mail51@mail.com', '$2a$12$migHtJqTkooFAWGnPGcSkOLMlcSHavEbTUCdQdYtE6NRF/bYWeHZ2', true);
insert into food_delivery_user (id, user_name, email, password, active) values (-56, 'd_m_user_52', 'fake_mail52@mail.com', '$2a$12$migHtJqTkooFAWGnPGcSkOLMlcSHavEbTUCdQdYtE6NRF/bYWeHZ2', true);
insert into food_delivery_user (id, user_name, email, password, active) values (-57, 'd_m_user_53', 'fake_mail53@mail.com', '$2a$12$migHtJqTkooFAWGnPGcSkOLMlcSHavEbTUCdQdYtE6NRF/bYWeHZ2', true);
insert into food_delivery_user (id, user_name, email, password, active) values (-58, 'd_m_user_54', 'fake_mail54@mail.com', '$2a$12$migHtJqTkooFAWGnPGcSkOLMlcSHavEbTUCdQdYtE6NRF/bYWeHZ2', true);
insert into food_delivery_user (id, user_name, email, password, active) values (-59, 'd_m_user_55', 'fake_mail55@mail.com', '$2a$12$migHtJqTkooFAWGnPGcSkOLMlcSHavEbTUCdQdYtE6NRF/bYWeHZ2', true);
insert into food_delivery_user (id, user_name, email, password, active) values (-60, 'd_m_user_56', 'fake_mail56@mail.com', '$2a$12$migHtJqTkooFAWGnPGcSkOLMlcSHavEbTUCdQdYtE6NRF/bYWeHZ2', true);
insert into food_delivery_user (id, user_name, email, password, active) values (-61, 'd_m_user_57', 'fake_mail57@mail.com', '$2a$12$migHtJqTkooFAWGnPGcSkOLMlcSHavEbTUCdQdYtE6NRF/bYWeHZ2', true);
insert into food_delivery_user (id, user_name, email, password, active) values (-62, 'd_m_user_58', 'fake_mail58@mail.com', '$2a$12$migHtJqTkooFAWGnPGcSkOLMlcSHavEbTUCdQdYtE6NRF/bYWeHZ2', true);
insert into food_delivery_user (id, user_name, email, password, active) values (-63, 'd_m_user_59', 'fake_mail59@mail.com', '$2a$12$migHtJqTkooFAWGnPGcSkOLMlcSHavEbTUCdQdYtE6NRF/bYWeHZ2', true);
insert into food_delivery_user (id, user_name, email, password, active) values (-64, 'd_m_user_60', 'fake_mail60@mail.com', '$2a$12$migHtJqTkooFAWGnPGcSkOLMlcSHavEbTUCdQdYtE6NRF/bYWeHZ2', true);
insert into food_delivery_user (id, user_name, email, password, active) values (-65, 'd_m_user_61', 'fake_mail61@mail.com', '$2a$12$migHtJqTkooFAWGnPGcSkOLMlcSHavEbTUCdQdYtE6NRF/bYWeHZ2', true);
insert into food_delivery_user (id, user_name, email, password, active) values (-66, 'd_m_user_62', 'fake_mail62@mail.com', '$2a$12$migHtJqTkooFAWGnPGcSkOLMlcSHavEbTUCdQdYtE6NRF/bYWeHZ2', true);
insert into food_delivery_user (id, user_name, email, password, active) values (-67, 'd_m_user_63', 'fake_mail63@mail.com', '$2a$12$migHtJqTkooFAWGnPGcSkOLMlcSHavEbTUCdQdYtE6NRF/bYWeHZ2', true);
insert into food_delivery_user (id, user_name, email, password, active) values (-68, 'd_m_user_64', 'fake_mail64@mail.com.uk', '$2a$12$migHtJqTkooFAWGnPGcSkOLMlcSHavEbTUCdQdYtE6NRF/bYWeHZ2', true);
insert into food_delivery_user (id, user_name, email, password, active) values (-69, 'd_m_user_65', 'fake_mail65@mail.com', '$2a$12$migHtJqTkooFAWGnPGcSkOLMlcSHavEbTUCdQdYtE6NRF/bYWeHZ2', true);
insert into food_delivery_user (id, user_name, email, password, active) values (-70, 'd_m_user_66', 'fake_mail66@mail.com', '$2a$12$migHtJqTkooFAWGnPGcSkOLMlcSHavEbTUCdQdYtE6NRF/bYWeHZ2', true);
insert into food_delivery_user (id, user_name, email, password, active) values (-71, 'd_m_user_67', 'fake_mail67@mail.com', '$2a$12$migHtJqTkooFAWGnPGcSkOLMlcSHavEbTUCdQdYtE6NRF/bYWeHZ2', true);
insert into food_delivery_user (id, user_name, email, password, active) values (-72, 'd_m_user_68', 'fake_mail68@mail.com.jp', '$2a$12$migHtJqTkooFAWGnPGcSkOLMlcSHavEbTUCdQdYtE6NRF/bYWeHZ2', true);
insert into food_delivery_user (id, user_name, email, password, active) values (-73, 'd_m_user_69', 'fake_mail69@mail.com', '$2a$12$migHtJqTkooFAWGnPGcSkOLMlcSHavEbTUCdQdYtE6NRF/bYWeHZ2', true);
insert into food_delivery_user (id, user_name, email, password, active) values (-74, 'd_m_user_70', 'fake_mail70@mail.com', '$2a$12$migHtJqTkooFAWGnPGcSkOLMlcSHavEbTUCdQdYtE6NRF/bYWeHZ2', true);
insert into food_delivery_user (id, user_name, email, password, active) values (-75, 'd_m_user_71', 'fake_mail71@mail.com', '$2a$12$migHtJqTkooFAWGnPGcSkOLMlcSHavEbTUCdQdYtE6NRF/bYWeHZ2', true);
insert into food_delivery_user (id, user_name, email, password, active) values (-76, 'd_m_user_72', 'fake_mail72@mail-com.com', '$2a$12$migHtJqTkooFAWGnPGcSkOLMlcSHavEbTUCdQdYtE6NRF/bYWeHZ2', true);
insert into food_delivery_user (id, user_name, email, password, active) values (-77, 'd_m_user_73', 'fake_mail73@mail.com', '$2a$12$migHtJqTkooFAWGnPGcSkOLMlcSHavEbTUCdQdYtE6NRF/bYWeHZ2', true);
insert into food_delivery_user (id, user_name, email, password, active) values (-78, 'd_m_user_74', 'fake_mail74@mail.com', '$2a$12$migHtJqTkooFAWGnPGcSkOLMlcSHavEbTUCdQdYtE6NRF/bYWeHZ2', true);
insert into food_delivery_user (id, user_name, email, password, active) values (-79, 'd_m_user_75', 'fake_mail75@mail.com', '$2a$12$migHtJqTkooFAWGnPGcSkOLMlcSHavEbTUCdQdYtE6NRF/bYWeHZ2', true);
insert into food_delivery_user (id, user_name, email, password, active) values (-80, 'd_m_user_76', 'fake_mail76@mail.com', '$2a$12$migHtJqTkooFAWGnPGcSkOLMlcSHavEbTUCdQdYtE6NRF/bYWeHZ2', true);
insert into food_delivery_user (id, user_name, email, password, active) values (-81, 'd_m_user_77', 'fake_mail77@mail.com', '$2a$12$migHtJqTkooFAWGnPGcSkOLMlcSHavEbTUCdQdYtE6NRF/bYWeHZ2', true);
insert into food_delivery_user (id, user_name, email, password, active) values (-82, 'd_m_user_78', 'fake_mail78@mail.com', '$2a$12$migHtJqTkooFAWGnPGcSkOLMlcSHavEbTUCdQdYtE6NRF/bYWeHZ2', true);
insert into food_delivery_user (id, user_name, email, password, active) values (-83, 'd_m_user_79', 'fake_mail79@mail.com', '$2a$12$migHtJqTkooFAWGnPGcSkOLMlcSHavEbTUCdQdYtE6NRF/bYWeHZ2', true);
insert into food_delivery_user (id, user_name, email, password, active) values (-84, 'd_m_user_80', 'fake_mail80@mail-com.com', '$2a$12$migHtJqTkooFAWGnPGcSkOLMlcSHavEbTUCdQdYtE6NRF/bYWeHZ2', true);
insert into food_delivery_user (id, user_name, email, password, active) values (-85, 'd_m_user_81', 'fake_mail81@mail.com', '$2a$12$migHtJqTkooFAWGnPGcSkOLMlcSHavEbTUCdQdYtE6NRF/bYWeHZ2', true);
insert into food_delivery_user (id, user_name, email, password, active) values (-86, 'd_m_user_82', 'fake_mail82@mail.com', '$2a$12$migHtJqTkooFAWGnPGcSkOLMlcSHavEbTUCdQdYtE6NRF/bYWeHZ2', true);
insert into food_delivery_user (id, user_name, email, password, active) values (-87, 'd_m_user_83', 'fake_mail83@mail.com', '$2a$12$migHtJqTkooFAWGnPGcSkOLMlcSHavEbTUCdQdYtE6NRF/bYWeHZ2', true);
insert into food_delivery_user (id, user_name, email, password, active) values (-88, 'd_m_user_84', 'fake_mail84@mail.com', '$2a$12$migHtJqTkooFAWGnPGcSkOLMlcSHavEbTUCdQdYtE6NRF/bYWeHZ2', true);
insert into food_delivery_user (id, user_name, email, password, active) values (-89, 'd_m_user_85', 'fake_mail85@mail.com', '$2a$12$migHtJqTkooFAWGnPGcSkOLMlcSHavEbTUCdQdYtE6NRF/bYWeHZ2', true);
insert into food_delivery_user (id, user_name, email, password, active) values (-90, 'd_m_user_86', 'fake_mail86@mail.com', '$2a$12$migHtJqTkooFAWGnPGcSkOLMlcSHavEbTUCdQdYtE6NRF/bYWeHZ2', true);
insert into food_delivery_user (id, user_name, email, password, active) values (-91, 'd_m_user_87', 'fake_mail87@mail.com', '$2a$12$migHtJqTkooFAWGnPGcSkOLMlcSHavEbTUCdQdYtE6NRF/bYWeHZ2', true);
insert into food_delivery_user (id, user_name, email, password, active) values (-92, 'd_m_user_88', 'fake_mail88@mail.com', '$2a$12$migHtJqTkooFAWGnPGcSkOLMlcSHavEbTUCdQdYtE6NRF/bYWeHZ2', true);
insert into food_delivery_user (id, user_name, email, password, active) values (-93, 'd_m_user_89', 'fake_mail89@mail.com', '$2a$12$migHtJqTkooFAWGnPGcSkOLMlcSHavEbTUCdQdYtE6NRF/bYWeHZ2', true);
insert into food_delivery_user (id, user_name, email, password, active) values (-94, 'd_m_user_90', 'fake_mail90@mail.com', '$2a$12$migHtJqTkooFAWGnPGcSkOLMlcSHavEbTUCdQdYtE6NRF/bYWeHZ2', true);
insert into food_delivery_user (id, user_name, email, password, active) values (-95, 'd_m_user_91', 'fake_mail91@mail.com', '$2a$12$migHtJqTkooFAWGnPGcSkOLMlcSHavEbTUCdQdYtE6NRF/bYWeHZ2', true);
insert into food_delivery_user (id, user_name, email, password, active) values (-96, 'd_m_user_92', 'fake_mail92@mail.com', '$2a$12$migHtJqTkooFAWGnPGcSkOLMlcSHavEbTUCdQdYtE6NRF/bYWeHZ2', true);
insert into food_delivery_user (id, user_name, email, password, active) values (-97, 'd_m_user_93', 'fake_mail93@mail.com', '$2a$12$migHtJqTkooFAWGnPGcSkOLMlcSHavEbTUCdQdYtE6NRF/bYWeHZ2', true);
insert into food_delivery_user (id, user_name, email, password, active) values (-98, 'd_m_user_94', 'fake_mail94@mail.com', '$2a$12$migHtJqTkooFAWGnPGcSkOLMlcSHavEbTUCdQdYtE6NRF/bYWeHZ2', true);
insert into food_delivery_user (id, user_name, email, password, active) values (-99, 'd_m_user_95', 'fake_mail95@mail.com', '$2a$12$migHtJqTkooFAWGnPGcSkOLMlcSHavEbTUCdQdYtE6NRF/bYWeHZ2', true);
insert into food_delivery_user (id, user_name, email, password, active) values (-100, 'd_m_user_96', 'fake_mail96@mail.com', '$2a$12$migHtJqTkooFAWGnPGcSkOLMlcSHavEbTUCdQdYtE6NRF/bYWeHZ2', true);
insert into food_delivery_user (id, user_name, email, password, active) values (-101, 'd_m_user_97', 'fake_mail97@mail.com', '$2a$12$migHtJqTkooFAWGnPGcSkOLMlcSHavEbTUCdQdYtE6NRF/bYWeHZ2', true);
insert into food_delivery_user (id, user_name, email, password, active) values (-102, 'd_m_user_98', 'fake_mail98@mail.com', '$2a$12$migHtJqTkooFAWGnPGcSkOLMlcSHavEbTUCdQdYtE6NRF/bYWeHZ2', true);
insert into food_delivery_user (id, user_name, email, password, active) values (-103, 'd_m_user_99', 'fake_mail99@mail.com', '$2a$12$migHtJqTkooFAWGnPGcSkOLMlcSHavEbTUCdQdYtE6NRF/bYWeHZ2', true);
insert into food_delivery_user (id, user_name, email, password, active) values (-104, 'd_m_user_100', 'fake_mail100@mail.com', '$2a$12$migHtJqTkooFAWGnPGcSkOLMlcSHavEbTUCdQdYtE6NRF/bYWeHZ2', true);
insert into food_delivery_user (id, user_name, email, password, active) values (-105, 'd_m_user_101', 'fake_mail101@mail.com', '$2a$12$migHtJqTkooFAWGnPGcSkOLMlcSHavEbTUCdQdYtE6NRF/bYWeHZ2', true);
insert into food_delivery_user (id, user_name, email, password, active) values (-106, 'd_m_user_102', 'fake_mail102@mail.com', '$2a$12$migHtJqTkooFAWGnPGcSkOLMlcSHavEbTUCdQdYtE6NRF/bYWeHZ2', true);
insert into food_delivery_user (id, user_name, email, password, active) values (-107, 'd_m_user_103', 'fake_mail103@mail.com', '$2a$12$migHtJqTkooFAWGnPGcSkOLMlcSHavEbTUCdQdYtE6NRF/bYWeHZ2', true);
insert into food_delivery_user (id, user_name, email, password, active) values (-108, 'd_m_user_104', 'fake_mail104@mail.com', '$2a$12$migHtJqTkooFAWGnPGcSkOLMlcSHavEbTUCdQdYtE6NRF/bYWeHZ2', true);
insert into food_delivery_user (id, user_name, email, password, active) values (-109, 'd_m_user_105', 'fake_mail105@mail.com', '$2a$12$migHtJqTkooFAWGnPGcSkOLMlcSHavEbTUCdQdYtE6NRF/bYWeHZ2', true);
insert into food_delivery_user (id, user_name, email, password, active) values (-110, 'd_m_user_106', 'fake_mail106@mail.com.uk', '$2a$12$migHtJqTkooFAWGnPGcSkOLMlcSHavEbTUCdQdYtE6NRF/bYWeHZ2', true);
insert into food_delivery_user (id, user_name, email, password, active) values (-111, 'd_m_user_107', 'fake_mail107@mail.com', '$2a$12$migHtJqTkooFAWGnPGcSkOLMlcSHavEbTUCdQdYtE6NRF/bYWeHZ2', true);
insert into food_delivery_user (id, user_name, email, password, active) values (-112, 'd_m_user_108', 'fake_mail108@mail.com', '$2a$12$migHtJqTkooFAWGnPGcSkOLMlcSHavEbTUCdQdYtE6NRF/bYWeHZ2', true);
insert into food_delivery_user (id, user_name, email, password, active) values (-113, 'd_m_user_109', 'fake_mail109@mail.com', '$2a$12$migHtJqTkooFAWGnPGcSkOLMlcSHavEbTUCdQdYtE6NRF/bYWeHZ2', true);
insert into food_delivery_user (id, user_name, email, password, active) values (-114, 'd_m_user_110', 'fake_mail110@mail.com', '$2a$12$migHtJqTkooFAWGnPGcSkOLMlcSHavEbTUCdQdYtE6NRF/bYWeHZ2', true);
insert into food_delivery_user (id, user_name, email, password, active) values (-115, 'd_m_user_111', 'fake_mail111@mail.com', '$2a$12$migHtJqTkooFAWGnPGcSkOLMlcSHavEbTUCdQdYtE6NRF/bYWeHZ2', true);
insert into food_delivery_user (id, user_name, email, password, active) values (-116, 'd_m_user_112', 'fake_mail112@mail.com', '$2a$12$migHtJqTkooFAWGnPGcSkOLMlcSHavEbTUCdQdYtE6NRF/bYWeHZ2', true);
insert into food_delivery_user (id, user_name, email, password, active) values (-117, 'd_m_user_113', 'fake_mail113@mail.com', '$2a$12$migHtJqTkooFAWGnPGcSkOLMlcSHavEbTUCdQdYtE6NRF/bYWeHZ2', true);
insert into food_delivery_user (id, user_name, email, password, active) values (-118, 'd_m_user_114', 'fake_mail114@mail.com', '$2a$12$migHtJqTkooFAWGnPGcSkOLMlcSHavEbTUCdQdYtE6NRF/bYWeHZ2', true);
insert into food_delivery_user (id, user_name, email, password, active) values (-119, 'd_m_user_115', 'fake_mail115@mail.com', '$2a$12$migHtJqTkooFAWGnPGcSkOLMlcSHavEbTUCdQdYtE6NRF/bYWeHZ2', true);
insert into food_delivery_user (id, user_name, email, password, active) values (-120, 'd_m_user_116', 'fake_mail116@mail.com', '$2a$12$migHtJqTkooFAWGnPGcSkOLMlcSHavEbTUCdQdYtE6NRF/bYWeHZ2', true);
insert into food_delivery_user (id, user_name, email, password, active) values (-121, 'd_m_user_117', 'fake_mail117@mail.com', '$2a$12$migHtJqTkooFAWGnPGcSkOLMlcSHavEbTUCdQdYtE6NRF/bYWeHZ2', true);
insert into food_delivery_user (id, user_name, email, password, active) values (-122, 'd_m_user_118', 'fake_mail118@mail.com', '$2a$12$migHtJqTkooFAWGnPGcSkOLMlcSHavEbTUCdQdYtE6NRF/bYWeHZ2', true);
insert into food_delivery_user (id, user_name, email, password, active) values (-123, 'd_m_user_119', 'fake_mail119@mail.com', '$2a$12$migHtJqTkooFAWGnPGcSkOLMlcSHavEbTUCdQdYtE6NRF/bYWeHZ2', true);
insert into food_delivery_user (id, user_name, email, password, active) values (-124, 'd_m_user_120', 'fake_mail120@mail.com', '$2a$12$migHtJqTkooFAWGnPGcSkOLMlcSHavEbTUCdQdYtE6NRF/bYWeHZ2', true);
insert into food_delivery_user (id, user_name, email, password, active) values (-125, 'd_m_user_121', 'fake_mail121@mail.com', '$2a$12$migHtJqTkooFAWGnPGcSkOLMlcSHavEbTUCdQdYtE6NRF/bYWeHZ2', true);
insert into food_delivery_user (id, user_name, email, password, active) values (-126, 'd_m_user_122', 'fake_mail122@mail.com', '$2a$12$migHtJqTkooFAWGnPGcSkOLMlcSHavEbTUCdQdYtE6NRF/bYWeHZ2', true);
insert into food_delivery_user (id, user_name, email, password, active) values (-127, 'd_m_user_123', 'fake_mail123@mail.com', '$2a$12$migHtJqTkooFAWGnPGcSkOLMlcSHavEbTUCdQdYtE6NRF/bYWeHZ2', true);
insert into food_delivery_user (id, user_name, email, password, active) values (-128, 'd_m_user_124', 'fake_mail124@mail.com', '$2a$12$migHtJqTkooFAWGnPGcSkOLMlcSHavEbTUCdQdYtE6NRF/bYWeHZ2', true);
insert into food_delivery_user (id, user_name, email, password, active) values (-129, 'd_m_user_125', 'fake_mail125@mail.com', '$2a$12$migHtJqTkooFAWGnPGcSkOLMlcSHavEbTUCdQdYtE6NRF/bYWeHZ2', true);
insert into food_delivery_user (id, user_name, email, password, active) values (-130, 'd_m_user_126', 'fake_mail126@mail.com', '$2a$12$migHtJqTkooFAWGnPGcSkOLMlcSHavEbTUCdQdYtE6NRF/bYWeHZ2', true);
insert into food_delivery_user (id, user_name, email, password, active) values (-131, 'd_m_user_127', 'fake_mail127@mail.com', '$2a$12$migHtJqTkooFAWGnPGcSkOLMlcSHavEbTUCdQdYtE6NRF/bYWeHZ2', true);
insert into food_delivery_user (id, user_name, email, password, active) values (-132, 'd_m_user_128', 'fake_mail128@mail.com.uk', '$2a$12$migHtJqTkooFAWGnPGcSkOLMlcSHavEbTUCdQdYtE6NRF/bYWeHZ2', true);
insert into food_delivery_user (id, user_name, email, password, active) values (-133, 'd_m_user_129', 'fake_mail129@mail.com.br', '$2a$12$migHtJqTkooFAWGnPGcSkOLMlcSHavEbTUCdQdYtE6NRF/bYWeHZ2', true);
insert into food_delivery_user (id, user_name, email, password, active) values (-134, 'd_m_user_130', 'fake_mail130@mail.com', '$2a$12$migHtJqTkooFAWGnPGcSkOLMlcSHavEbTUCdQdYtE6NRF/bYWeHZ2', true);
insert into food_delivery_user (id, user_name, email, password, active) values (-135, 'd_m_user_131', 'fake_mail131@mail.com', '$2a$12$migHtJqTkooFAWGnPGcSkOLMlcSHavEbTUCdQdYtE6NRF/bYWeHZ2', true);
insert into food_delivery_user (id, user_name, email, password, active) values (-136, 'd_m_user_132', 'fake_mail132@mail.com.br', '$2a$12$migHtJqTkooFAWGnPGcSkOLMlcSHavEbTUCdQdYtE6NRF/bYWeHZ2', true);
insert into food_delivery_user (id, user_name, email, password, active) values (-137, 'd_m_user_133', 'fake_mail133@mail.com', '$2a$12$migHtJqTkooFAWGnPGcSkOLMlcSHavEbTUCdQdYtE6NRF/bYWeHZ2', true);
insert into food_delivery_user (id, user_name, email, password, active) values (-138, 'd_m_user_134', 'fake_mail134@mail.com', '$2a$12$migHtJqTkooFAWGnPGcSkOLMlcSHavEbTUCdQdYtE6NRF/bYWeHZ2', true);
insert into food_delivery_user (id, user_name, email, password, active) values (-139, 'd_m_user_135', 'fake_mail135@mail.com', '$2a$12$migHtJqTkooFAWGnPGcSkOLMlcSHavEbTUCdQdYtE6NRF/bYWeHZ2', true);
insert into food_delivery_user (id, user_name, email, password, active) values (-140, 'd_m_user_136', 'fake_mail136@mail.com', '$2a$12$migHtJqTkooFAWGnPGcSkOLMlcSHavEbTUCdQdYtE6NRF/bYWeHZ2', true);
insert into food_delivery_user (id, user_name, email, password, active) values (-141, 'd_m_user_137', 'fake_mail137@mail.com', '$2a$12$migHtJqTkooFAWGnPGcSkOLMlcSHavEbTUCdQdYtE6NRF/bYWeHZ2', true);
insert into food_delivery_user (id, user_name, email, password, active) values (-142, 'd_m_user_138', 'fake_mail138@mail.com', '$2a$12$migHtJqTkooFAWGnPGcSkOLMlcSHavEbTUCdQdYtE6NRF/bYWeHZ2', true);
insert into food_delivery_user (id, user_name, email, password, active) values (-143, 'd_m_user_139', 'fake_mail139@mail.com.cn', '$2a$12$migHtJqTkooFAWGnPGcSkOLMlcSHavEbTUCdQdYtE6NRF/bYWeHZ2', true);
insert into food_delivery_user (id, user_name, email, password, active) values (-144, 'd_m_user_140', 'fake_mail140@mail.com', '$2a$12$migHtJqTkooFAWGnPGcSkOLMlcSHavEbTUCdQdYtE6NRF/bYWeHZ2', true);
insert into food_delivery_user (id, user_name, email, password, active) values (-145, 'd_m_user_141', 'fake_mail141@mail.com', '$2a$12$migHtJqTkooFAWGnPGcSkOLMlcSHavEbTUCdQdYtE6NRF/bYWeHZ2', true);
insert into food_delivery_user (id, user_name, email, password, active) values (-146, 'd_m_user_142', 'fake_mail142@mail.com', '$2a$12$migHtJqTkooFAWGnPGcSkOLMlcSHavEbTUCdQdYtE6NRF/bYWeHZ2', true);
insert into food_delivery_user (id, user_name, email, password, active) values (-147, 'd_m_user_143', 'fake_mail143@mail.com', '$2a$12$migHtJqTkooFAWGnPGcSkOLMlcSHavEbTUCdQdYtE6NRF/bYWeHZ2', true);
insert into food_delivery_user (id, user_name, email, password, active) values (-148, 'd_m_user_144', 'fake_mail144@mail.com', '$2a$12$migHtJqTkooFAWGnPGcSkOLMlcSHavEbTUCdQdYtE6NRF/bYWeHZ2', true);
insert into food_delivery_user (id, user_name, email, password, active) values (-149, 'd_m_user_145', 'fake_mail145@mail.com', '$2a$12$migHtJqTkooFAWGnPGcSkOLMlcSHavEbTUCdQdYtE6NRF/bYWeHZ2', true);
insert into food_delivery_user (id, user_name, email, password, active) values (-150, 'd_m_user_146', 'fake_mail146@mail.com', '$2a$12$migHtJqTkooFAWGnPGcSkOLMlcSHavEbTUCdQdYtE6NRF/bYWeHZ2', true);
insert into food_delivery_user (id, user_name, email, password, active) values (-151, 'd_m_user_147', 'fake_mail147@mail.com', '$2a$12$migHtJqTkooFAWGnPGcSkOLMlcSHavEbTUCdQdYtE6NRF/bYWeHZ2', true);
insert into food_delivery_user (id, user_name, email, password, active) values (-152, 'd_m_user_148', 'fake_mail148@mail.com', '$2a$12$migHtJqTkooFAWGnPGcSkOLMlcSHavEbTUCdQdYtE6NRF/bYWeHZ2', true);
insert into food_delivery_user (id, user_name, email, password, active) values (-153, 'd_m_user_149', 'fake_mail149@mail.com', '$2a$12$migHtJqTkooFAWGnPGcSkOLMlcSHavEbTUCdQdYtE6NRF/bYWeHZ2', true);
insert into food_delivery_user (id, user_name, email, password, active) values (-154, 'd_m_user_150', 'fake_mail150@mail.com', '$2a$12$migHtJqTkooFAWGnPGcSkOLMlcSHavEbTUCdQdYtE6NRF/bYWeHZ2', true);
insert into food_delivery_user (id, user_name, email, password, active) values (-155, 'd_m_user_151', 'fake_mail151@mail.com', '$2a$12$migHtJqTkooFAWGnPGcSkOLMlcSHavEbTUCdQdYtE6NRF/bYWeHZ2', true);
insert into food_delivery_user (id, user_name, email, password, active) values (-156, 'd_m_user_152', 'fake_mail152@mail.com', '$2a$12$migHtJqTkooFAWGnPGcSkOLMlcSHavEbTUCdQdYtE6NRF/bYWeHZ2', true);
insert into food_delivery_user (id, user_name, email, password, active) values (-157, 'd_m_user_153', 'fake_mail153@mail.com', '$2a$12$migHtJqTkooFAWGnPGcSkOLMlcSHavEbTUCdQdYtE6NRF/bYWeHZ2', true);
insert into food_delivery_user (id, user_name, email, password, active) values (-158, 'd_m_user_154', 'fake_mail154@mail.com', '$2a$12$migHtJqTkooFAWGnPGcSkOLMlcSHavEbTUCdQdYtE6NRF/bYWeHZ2', true);
insert into food_delivery_user (id, user_name, email, password, active) values (-159, 'd_m_user_155', 'fake_mail155@mail.com', '$2a$12$migHtJqTkooFAWGnPGcSkOLMlcSHavEbTUCdQdYtE6NRF/bYWeHZ2', true);
insert into food_delivery_user (id, user_name, email, password, active) values (-160, 'd_m_user_156', 'fake_mail156@mail-com.ne.jp', '$2a$12$migHtJqTkooFAWGnPGcSkOLMlcSHavEbTUCdQdYtE6NRF/bYWeHZ2', true);
insert into food_delivery_user (id, user_name, email, password, active) values (-161, 'd_m_user_157', 'fake_mail157@mail.com.au', '$2a$12$migHtJqTkooFAWGnPGcSkOLMlcSHavEbTUCdQdYtE6NRF/bYWeHZ2', true);
insert into food_delivery_user (id, user_name, email, password, active) values (-162, 'd_m_user_158', 'fake_mail158@mail.com', '$2a$12$migHtJqTkooFAWGnPGcSkOLMlcSHavEbTUCdQdYtE6NRF/bYWeHZ2', true);
insert into food_delivery_user (id, user_name, email, password, active) values (-163, 'd_m_user_159', 'fake_mail159@mail.com', '$2a$12$migHtJqTkooFAWGnPGcSkOLMlcSHavEbTUCdQdYtE6NRF/bYWeHZ2', true);
insert into food_delivery_user (id, user_name, email, password, active) values (-164, 'd_m_user_160', 'fake_mail160@mail.com', '$2a$12$migHtJqTkooFAWGnPGcSkOLMlcSHavEbTUCdQdYtE6NRF/bYWeHZ2', true);
insert into food_delivery_user (id, user_name, email, password, active) values (-165, 'd_m_user_161', 'fake_mail161@mail.com', '$2a$12$migHtJqTkooFAWGnPGcSkOLMlcSHavEbTUCdQdYtE6NRF/bYWeHZ2', true);
insert into food_delivery_user (id, user_name, email, password, active) values (-166, 'd_m_user_162', 'fake_mail162@mail.com', '$2a$12$migHtJqTkooFAWGnPGcSkOLMlcSHavEbTUCdQdYtE6NRF/bYWeHZ2', true);
insert into food_delivery_user (id, user_name, email, password, active) values (-167, 'd_m_user_163', 'fake_mail163@mail.com.jp', '$2a$12$migHtJqTkooFAWGnPGcSkOLMlcSHavEbTUCdQdYtE6NRF/bYWeHZ2', true);
insert into food_delivery_user (id, user_name, email, password, active) values (-168, 'd_m_user_164', 'fake_mail164@mail.com', '$2a$12$migHtJqTkooFAWGnPGcSkOLMlcSHavEbTUCdQdYtE6NRF/bYWeHZ2', true);
insert into food_delivery_user (id, user_name, email, password, active) values (-169, 'd_m_user_165', 'fake_mail165@mail.com', '$2a$12$migHtJqTkooFAWGnPGcSkOLMlcSHavEbTUCdQdYtE6NRF/bYWeHZ2', true);
insert into food_delivery_user (id, user_name, email, password, active) values (-170, 'd_m_user_166', 'fake_mail166@mail.com', '$2a$12$migHtJqTkooFAWGnPGcSkOLMlcSHavEbTUCdQdYtE6NRF/bYWeHZ2', true);
insert into food_delivery_user (id, user_name, email, password, active) values (-171, 'd_m_user_167', 'fake_mail167@mail.com.au', '$2a$12$migHtJqTkooFAWGnPGcSkOLMlcSHavEbTUCdQdYtE6NRF/bYWeHZ2', true);
insert into food_delivery_user (id, user_name, email, password, active) values (-172, 'd_m_user_168', 'fake_mail168@mail.com', '$2a$12$migHtJqTkooFAWGnPGcSkOLMlcSHavEbTUCdQdYtE6NRF/bYWeHZ2', true);
insert into food_delivery_user (id, user_name, email, password, active) values (-173, 'd_m_user_169', 'fake_mail169@mail.com', '$2a$12$migHtJqTkooFAWGnPGcSkOLMlcSHavEbTUCdQdYtE6NRF/bYWeHZ2', true);
insert into food_delivery_user (id, user_name, email, password, active) values (-174, 'd_m_user_170', 'fake_mail170@mail.com', '$2a$12$migHtJqTkooFAWGnPGcSkOLMlcSHavEbTUCdQdYtE6NRF/bYWeHZ2', true);
insert into food_delivery_user (id, user_name, email, password, active) values (-175, 'd_m_user_171', 'fake_mail171@mail.com', '$2a$12$migHtJqTkooFAWGnPGcSkOLMlcSHavEbTUCdQdYtE6NRF/bYWeHZ2', true);
insert into food_delivery_user (id, user_name, email, password, active) values (-176, 'd_m_user_172', 'fake_mail172@mail.com', '$2a$12$migHtJqTkooFAWGnPGcSkOLMlcSHavEbTUCdQdYtE6NRF/bYWeHZ2', true);
insert into food_delivery_user (id, user_name, email, password, active) values (-177, 'd_m_user_173', 'fake_mail173@mail.com', '$2a$12$migHtJqTkooFAWGnPGcSkOLMlcSHavEbTUCdQdYtE6NRF/bYWeHZ2', true);
insert into food_delivery_user (id, user_name, email, password, active) values (-178, 'd_m_user_174', 'fake_mail174@mail.com', '$2a$12$migHtJqTkooFAWGnPGcSkOLMlcSHavEbTUCdQdYtE6NRF/bYWeHZ2', true);
insert into food_delivery_user (id, user_name, email, password, active) values (-179, 'd_m_user_175', 'fake_mail175@mail.com', '$2a$12$migHtJqTkooFAWGnPGcSkOLMlcSHavEbTUCdQdYtE6NRF/bYWeHZ2', true);
insert into food_delivery_user (id, user_name, email, password, active) values (-180, 'd_m_user_176', 'fake_mail176@mail.com', '$2a$12$migHtJqTkooFAWGnPGcSkOLMlcSHavEbTUCdQdYtE6NRF/bYWeHZ2', true);
insert into food_delivery_user (id, user_name, email, password, active) values (-181, 'd_m_user_177', 'fake_mail177@mail.com', '$2a$12$migHtJqTkooFAWGnPGcSkOLMlcSHavEbTUCdQdYtE6NRF/bYWeHZ2', true);
insert into food_delivery_user (id, user_name, email, password, active) values (-182, 'd_m_user_178', 'fake_mail178@mail.com.uk', '$2a$12$migHtJqTkooFAWGnPGcSkOLMlcSHavEbTUCdQdYtE6NRF/bYWeHZ2', true);
insert into food_delivery_user (id, user_name, email, password, active) values (-183, 'd_m_user_179', 'fake_mail179@mail.com', '$2a$12$migHtJqTkooFAWGnPGcSkOLMlcSHavEbTUCdQdYtE6NRF/bYWeHZ2', true);
insert into food_delivery_user (id, user_name, email, password, active) values (-184, 'd_m_user_180', 'fake_mail180@mail.com', '$2a$12$migHtJqTkooFAWGnPGcSkOLMlcSHavEbTUCdQdYtE6NRF/bYWeHZ2', true);
insert into food_delivery_user (id, user_name, email, password, active) values (-185, 'd_m_user_181', 'fake_mail181@mail.com', '$2a$12$migHtJqTkooFAWGnPGcSkOLMlcSHavEbTUCdQdYtE6NRF/bYWeHZ2', true);
insert into food_delivery_user (id, user_name, email, password, active) values (-186, 'd_m_user_182', 'fake_mail182@mail.com', '$2a$12$migHtJqTkooFAWGnPGcSkOLMlcSHavEbTUCdQdYtE6NRF/bYWeHZ2', true);
insert into food_delivery_user (id, user_name, email, password, active) values (-187, 'd_m_user_183', 'fake_mail183@mail.com', '$2a$12$migHtJqTkooFAWGnPGcSkOLMlcSHavEbTUCdQdYtE6NRF/bYWeHZ2', true);
insert into food_delivery_user (id, user_name, email, password, active) values (-188, 'd_m_user_184', 'fake_mail184@mail.com', '$2a$12$migHtJqTkooFAWGnPGcSkOLMlcSHavEbTUCdQdYtE6NRF/bYWeHZ2', true);
insert into food_delivery_user (id, user_name, email, password, active) values (-189, 'd_m_user_185', 'fake_mail185@mail.com', '$2a$12$migHtJqTkooFAWGnPGcSkOLMlcSHavEbTUCdQdYtE6NRF/bYWeHZ2', true);
insert into food_delivery_user (id, user_name, email, password, active) values (-190, 'd_m_user_186', 'fake_mail186@mail.com', '$2a$12$migHtJqTkooFAWGnPGcSkOLMlcSHavEbTUCdQdYtE6NRF/bYWeHZ2', true);
insert into food_delivery_user (id, user_name, email, password, active) values (-191, 'd_m_user_187', 'fake_mail187@mail.com', '$2a$12$migHtJqTkooFAWGnPGcSkOLMlcSHavEbTUCdQdYtE6NRF/bYWeHZ2', true);
insert into food_delivery_user (id, user_name, email, password, active) values (-192, 'd_m_user_188', 'fake_mail188@mail.com', '$2a$12$migHtJqTkooFAWGnPGcSkOLMlcSHavEbTUCdQdYtE6NRF/bYWeHZ2', true);
insert into food_delivery_user (id, user_name, email, password, active) values (-193, 'd_m_user_189', 'fake_mail189@mail.com', '$2a$12$migHtJqTkooFAWGnPGcSkOLMlcSHavEbTUCdQdYtE6NRF/bYWeHZ2', true);
insert into food_delivery_user (id, user_name, email, password, active) values (-194, 'd_m_user_190', 'fake_mail190@mail.com', '$2a$12$migHtJqTkooFAWGnPGcSkOLMlcSHavEbTUCdQdYtE6NRF/bYWeHZ2', true);
insert into food_delivery_user (id, user_name, email, password, active) values (-195, 'd_m_user_191', 'fake_mail191@mail.com', '$2a$12$migHtJqTkooFAWGnPGcSkOLMlcSHavEbTUCdQdYtE6NRF/bYWeHZ2', true);
insert into food_delivery_user (id, user_name, email, password, active) values (-196, 'd_m_user_192', 'fake_mail192@mail.com', '$2a$12$migHtJqTkooFAWGnPGcSkOLMlcSHavEbTUCdQdYtE6NRF/bYWeHZ2', true);
insert into food_delivery_user (id, user_name, email, password, active) values (-197, 'd_m_user_193', 'fake_mail193@mail.com', '$2a$12$migHtJqTkooFAWGnPGcSkOLMlcSHavEbTUCdQdYtE6NRF/bYWeHZ2', true);
insert into food_delivery_user (id, user_name, email, password, active) values (-198, 'd_m_user_194', 'fake_mail194@mail.com', '$2a$12$migHtJqTkooFAWGnPGcSkOLMlcSHavEbTUCdQdYtE6NRF/bYWeHZ2', true);
insert into food_delivery_user (id, user_name, email, password, active) values (-199, 'd_m_user_195', 'fake_mail195@mail.com', '$2a$12$migHtJqTkooFAWGnPGcSkOLMlcSHavEbTUCdQdYtE6NRF/bYWeHZ2', true);
insert into food_delivery_user (id, user_name, email, password, active) values (-200, 'd_m_user_196', 'fake_mail196@mail.com.br', '$2a$12$migHtJqTkooFAWGnPGcSkOLMlcSHavEbTUCdQdYtE6NRF/bYWeHZ2', true);
insert into food_delivery_user (id, user_name, email, password, active) values (-201, 'd_m_user_197', 'fake_mail197@mail.com', '$2a$12$migHtJqTkooFAWGnPGcSkOLMlcSHavEbTUCdQdYtE6NRF/bYWeHZ2', true);
insert into food_delivery_user (id, user_name, email, password, active) values (-202, 'd_m_user_198', 'fake_mail198@mail.com', '$2a$12$migHtJqTkooFAWGnPGcSkOLMlcSHavEbTUCdQdYtE6NRF/bYWeHZ2', true);
insert into food_delivery_user (id, user_name, email, password, active) values (-203, 'd_m_user_199', 'fake_mail199@mail.com', '$2a$12$migHtJqTkooFAWGnPGcSkOLMlcSHavEbTUCdQdYtE6NRF/bYWeHZ2', true);
insert into food_delivery_user (id, user_name, email, password, active) values (-204, 'd_m_user_200', 'fake_mail200@mail.com', '$2a$12$migHtJqTkooFAWGnPGcSkOLMlcSHavEbTUCdQdYtE6NRF/bYWeHZ2', true);
insert into food_delivery_user (id, user_name, email, password, active) values (-205, 'd_m_user_201', 'fake_mail201@mail.com', '$2a$12$migHtJqTkooFAWGnPGcSkOLMlcSHavEbTUCdQdYtE6NRF/bYWeHZ2', true);


insert into food_delivery_user_role (user_id, role_id) values (-6, 3);
insert into food_delivery_user_role (user_id, role_id) values (-7, 3);
insert into food_delivery_user_role (user_id, role_id) values (-8, 3);
insert into food_delivery_user_role (user_id, role_id) values (-9, 3);
insert into food_delivery_user_role (user_id, role_id) values (-10, 3);
insert into food_delivery_user_role (user_id, role_id) values (-11, 3);
insert into food_delivery_user_role (user_id, role_id) values (-12, 3);
insert into food_delivery_user_role (user_id, role_id) values (-13, 3);
insert into food_delivery_user_role (user_id, role_id) values (-14, 3);
insert into food_delivery_user_role (user_id, role_id) values (-15, 3);
insert into food_delivery_user_role (user_id, role_id) values (-16, 3);
insert into food_delivery_user_role (user_id, role_id) values (-17, 3);
insert into food_delivery_user_role (user_id, role_id) values (-18, 3);
insert into food_delivery_user_role (user_id, role_id) values (-19, 3);
insert into food_delivery_user_role (user_id, role_id) values (-20, 3);
insert into food_delivery_user_role (user_id, role_id) values (-21, 3);
insert into food_delivery_user_role (user_id, role_id) values (-22, 3);
insert into food_delivery_user_role (user_id, role_id) values (-23, 3);
insert into food_delivery_user_role (user_id, role_id) values (-24, 3);
insert into food_delivery_user_role (user_id, role_id) values (-25, 3);
insert into food_delivery_user_role (user_id, role_id) values (-26, 3);
insert into food_delivery_user_role (user_id, role_id) values (-27, 3);
insert into food_delivery_user_role (user_id, role_id) values (-28, 3);
insert into food_delivery_user_role (user_id, role_id) values (-29, 3);
insert into food_delivery_user_role (user_id, role_id) values (-30, 3);
insert into food_delivery_user_role (user_id, role_id) values (-31, 3);
insert into food_delivery_user_role (user_id, role_id) values (-32, 3);
insert into food_delivery_user_role (user_id, role_id) values (-33, 3);
insert into food_delivery_user_role (user_id, role_id) values (-34, 3);
insert into food_delivery_user_role (user_id, role_id) values (-35, 3);
insert into food_delivery_user_role (user_id, role_id) values (-36, 3);
insert into food_delivery_user_role (user_id, role_id) values (-37, 3);
insert into food_delivery_user_role (user_id, role_id) values (-38, 3);
insert into food_delivery_user_role (user_id, role_id) values (-39, 3);
insert into food_delivery_user_role (user_id, role_id) values (-40, 3);
insert into food_delivery_user_role (user_id, role_id) values (-41, 3);
insert into food_delivery_user_role (user_id, role_id) values (-42, 3);
insert into food_delivery_user_role (user_id, role_id) values (-43, 3);
insert into food_delivery_user_role (user_id, role_id) values (-44, 3);
insert into food_delivery_user_role (user_id, role_id) values (-45, 3);
insert into food_delivery_user_role (user_id, role_id) values (-46, 3);
insert into food_delivery_user_role (user_id, role_id) values (-47, 3);
insert into food_delivery_user_role (user_id, role_id) values (-48, 3);
insert into food_delivery_user_role (user_id, role_id) values (-49, 3);
insert into food_delivery_user_role (user_id, role_id) values (-50, 3);
insert into food_delivery_user_role (user_id, role_id) values (-51, 3);
insert into food_delivery_user_role (user_id, role_id) values (-52, 3);
insert into food_delivery_user_role (user_id, role_id) values (-53, 3);
insert into food_delivery_user_role (user_id, role_id) values (-54, 3);
insert into food_delivery_user_role (user_id, role_id) values (-55, 3);
insert into food_delivery_user_role (user_id, role_id) values (-56, 3);
insert into food_delivery_user_role (user_id, role_id) values (-57, 3);
insert into food_delivery_user_role (user_id, role_id) values (-58, 3);
insert into food_delivery_user_role (user_id, role_id) values (-59, 3);
insert into food_delivery_user_role (user_id, role_id) values (-60, 3);
insert into food_delivery_user_role (user_id, role_id) values (-61, 3);
insert into food_delivery_user_role (user_id, role_id) values (-62, 3);
insert into food_delivery_user_role (user_id, role_id) values (-63, 3);
insert into food_delivery_user_role (user_id, role_id) values (-64, 3);
insert into food_delivery_user_role (user_id, role_id) values (-65, 3);
insert into food_delivery_user_role (user_id, role_id) values (-66, 3);
insert into food_delivery_user_role (user_id, role_id) values (-67, 3);
insert into food_delivery_user_role (user_id, role_id) values (-68, 3);
insert into food_delivery_user_role (user_id, role_id) values (-69, 3);
insert into food_delivery_user_role (user_id, role_id) values (-70, 3);
insert into food_delivery_user_role (user_id, role_id) values (-71, 3);
insert into food_delivery_user_role (user_id, role_id) values (-72, 3);
insert into food_delivery_user_role (user_id, role_id) values (-73, 3);
insert into food_delivery_user_role (user_id, role_id) values (-74, 3);
insert into food_delivery_user_role (user_id, role_id) values (-75, 3);
insert into food_delivery_user_role (user_id, role_id) values (-76, 3);
insert into food_delivery_user_role (user_id, role_id) values (-77, 3);
insert into food_delivery_user_role (user_id, role_id) values (-78, 3);
insert into food_delivery_user_role (user_id, role_id) values (-79, 3);
insert into food_delivery_user_role (user_id, role_id) values (-80, 3);
insert into food_delivery_user_role (user_id, role_id) values (-81, 3);
insert into food_delivery_user_role (user_id, role_id) values (-82, 3);
insert into food_delivery_user_role (user_id, role_id) values (-83, 3);
insert into food_delivery_user_role (user_id, role_id) values (-84, 3);
insert into food_delivery_user_role (user_id, role_id) values (-85, 3);
insert into food_delivery_user_role (user_id, role_id) values (-86, 3);
insert into food_delivery_user_role (user_id, role_id) values (-87, 3);
insert into food_delivery_user_role (user_id, role_id) values (-88, 3);
insert into food_delivery_user_role (user_id, role_id) values (-89, 3);
insert into food_delivery_user_role (user_id, role_id) values (-90, 3);
insert into food_delivery_user_role (user_id, role_id) values (-91, 3);
insert into food_delivery_user_role (user_id, role_id) values (-92, 3);
insert into food_delivery_user_role (user_id, role_id) values (-93, 3);
insert into food_delivery_user_role (user_id, role_id) values (-94, 3);
insert into food_delivery_user_role (user_id, role_id) values (-95, 3);
insert into food_delivery_user_role (user_id, role_id) values (-96, 3);
insert into food_delivery_user_role (user_id, role_id) values (-97, 3);
insert into food_delivery_user_role (user_id, role_id) values (-98, 3);
insert into food_delivery_user_role (user_id, role_id) values (-99, 3);
insert into food_delivery_user_role (user_id, role_id) values (-100, 3);
insert into food_delivery_user_role (user_id, role_id) values (-101, 3);
insert into food_delivery_user_role (user_id, role_id) values (-102, 3);
insert into food_delivery_user_role (user_id, role_id) values (-103, 3);
insert into food_delivery_user_role (user_id, role_id) values (-104, 3);
insert into food_delivery_user_role (user_id, role_id) values (-105, 3);
insert into food_delivery_user_role (user_id, role_id) values (-106, 3);
insert into food_delivery_user_role (user_id, role_id) values (-107, 3);
insert into food_delivery_user_role (user_id, role_id) values (-108, 3);
insert into food_delivery_user_role (user_id, role_id) values (-109, 3);
insert into food_delivery_user_role (user_id, role_id) values (-110, 3);
insert into food_delivery_user_role (user_id, role_id) values (-111, 3);
insert into food_delivery_user_role (user_id, role_id) values (-112, 3);
insert into food_delivery_user_role (user_id, role_id) values (-113, 3);
insert into food_delivery_user_role (user_id, role_id) values (-114, 3);
insert into food_delivery_user_role (user_id, role_id) values (-115, 3);
insert into food_delivery_user_role (user_id, role_id) values (-116, 3);
insert into food_delivery_user_role (user_id, role_id) values (-117, 3);
insert into food_delivery_user_role (user_id, role_id) values (-118, 3);
insert into food_delivery_user_role (user_id, role_id) values (-119, 3);
insert into food_delivery_user_role (user_id, role_id) values (-120, 3);
insert into food_delivery_user_role (user_id, role_id) values (-121, 3);
insert into food_delivery_user_role (user_id, role_id) values (-122, 3);
insert into food_delivery_user_role (user_id, role_id) values (-123, 3);
insert into food_delivery_user_role (user_id, role_id) values (-124, 3);
insert into food_delivery_user_role (user_id, role_id) values (-125, 3);
insert into food_delivery_user_role (user_id, role_id) values (-126, 3);
insert into food_delivery_user_role (user_id, role_id) values (-127, 3);
insert into food_delivery_user_role (user_id, role_id) values (-128, 3);
insert into food_delivery_user_role (user_id, role_id) values (-129, 3);
insert into food_delivery_user_role (user_id, role_id) values (-130, 3);
insert into food_delivery_user_role (user_id, role_id) values (-131, 3);
insert into food_delivery_user_role (user_id, role_id) values (-132, 3);
insert into food_delivery_user_role (user_id, role_id) values (-133, 3);
insert into food_delivery_user_role (user_id, role_id) values (-134, 3);
insert into food_delivery_user_role (user_id, role_id) values (-135, 3);
insert into food_delivery_user_role (user_id, role_id) values (-136, 3);
insert into food_delivery_user_role (user_id, role_id) values (-137, 3);
insert into food_delivery_user_role (user_id, role_id) values (-138, 3);
insert into food_delivery_user_role (user_id, role_id) values (-139, 3);
insert into food_delivery_user_role (user_id, role_id) values (-140, 3);
insert into food_delivery_user_role (user_id, role_id) values (-141, 3);
insert into food_delivery_user_role (user_id, role_id) values (-142, 3);
insert into food_delivery_user_role (user_id, role_id) values (-143, 3);
insert into food_delivery_user_role (user_id, role_id) values (-144, 3);
insert into food_delivery_user_role (user_id, role_id) values (-145, 3);
insert into food_delivery_user_role (user_id, role_id) values (-146, 3);
insert into food_delivery_user_role (user_id, role_id) values (-147, 3);
insert into food_delivery_user_role (user_id, role_id) values (-148, 3);
insert into food_delivery_user_role (user_id, role_id) values (-149, 3);
insert into food_delivery_user_role (user_id, role_id) values (-150, 3);
insert into food_delivery_user_role (user_id, role_id) values (-151, 3);
insert into food_delivery_user_role (user_id, role_id) values (-152, 3);
insert into food_delivery_user_role (user_id, role_id) values (-153, 3);
insert into food_delivery_user_role (user_id, role_id) values (-154, 3);
insert into food_delivery_user_role (user_id, role_id) values (-155, 3);
insert into food_delivery_user_role (user_id, role_id) values (-156, 3);
insert into food_delivery_user_role (user_id, role_id) values (-157, 3);
insert into food_delivery_user_role (user_id, role_id) values (-158, 3);
insert into food_delivery_user_role (user_id, role_id) values (-159, 3);
insert into food_delivery_user_role (user_id, role_id) values (-160, 3);
insert into food_delivery_user_role (user_id, role_id) values (-161, 3);
insert into food_delivery_user_role (user_id, role_id) values (-162, 3);
insert into food_delivery_user_role (user_id, role_id) values (-163, 3);
insert into food_delivery_user_role (user_id, role_id) values (-164, 3);
insert into food_delivery_user_role (user_id, role_id) values (-165, 3);
insert into food_delivery_user_role (user_id, role_id) values (-166, 3);
insert into food_delivery_user_role (user_id, role_id) values (-167, 3);
insert into food_delivery_user_role (user_id, role_id) values (-168, 3);
insert into food_delivery_user_role (user_id, role_id) values (-169, 3);
insert into food_delivery_user_role (user_id, role_id) values (-170, 3);
insert into food_delivery_user_role (user_id, role_id) values (-171, 3);
insert into food_delivery_user_role (user_id, role_id) values (-172, 3);
insert into food_delivery_user_role (user_id, role_id) values (-173, 3);
insert into food_delivery_user_role (user_id, role_id) values (-174, 3);
insert into food_delivery_user_role (user_id, role_id) values (-175, 3);
insert into food_delivery_user_role (user_id, role_id) values (-176, 3);
insert into food_delivery_user_role (user_id, role_id) values (-177, 3);
insert into food_delivery_user_role (user_id, role_id) values (-178, 3);
insert into food_delivery_user_role (user_id, role_id) values (-179, 3);
insert into food_delivery_user_role (user_id, role_id) values (-180, 3);
insert into food_delivery_user_role (user_id, role_id) values (-181, 3);
insert into food_delivery_user_role (user_id, role_id) values (-182, 3);
insert into food_delivery_user_role (user_id, role_id) values (-183, 3);
insert into food_delivery_user_role (user_id, role_id) values (-184, 3);
insert into food_delivery_user_role (user_id, role_id) values (-185, 3);
insert into food_delivery_user_role (user_id, role_id) values (-186, 3);
insert into food_delivery_user_role (user_id, role_id) values (-187, 3);
insert into food_delivery_user_role (user_id, role_id) values (-188, 3);
insert into food_delivery_user_role (user_id, role_id) values (-189, 3);
insert into food_delivery_user_role (user_id, role_id) values (-190, 3);
insert into food_delivery_user_role (user_id, role_id) values (-191, 3);
insert into food_delivery_user_role (user_id, role_id) values (-192, 3);
insert into food_delivery_user_role (user_id, role_id) values (-193, 3);
insert into food_delivery_user_role (user_id, role_id) values (-194, 3);
insert into food_delivery_user_role (user_id, role_id) values (-195, 3);
insert into food_delivery_user_role (user_id, role_id) values (-196, 3);
insert into food_delivery_user_role (user_id, role_id) values (-197, 3);
insert into food_delivery_user_role (user_id, role_id) values (-198, 3);
insert into food_delivery_user_role (user_id, role_id) values (-199, 3);
insert into food_delivery_user_role (user_id, role_id) values (-200, 3);
insert into food_delivery_user_role (user_id, role_id) values (-201, 3);
insert into food_delivery_user_role (user_id, role_id) values (-202, 3);
insert into food_delivery_user_role (user_id, role_id) values (-203, 3);
insert into food_delivery_user_role (user_id, role_id) values (-204, 3);
insert into food_delivery_user_role (user_id, role_id) values (-205, 3);



insert into delivery_man (id, personal_code, name, surname, phone_number, is_available, is_active, user_id) values (-2, 'c3BJt151-t5lF-8ijq-lFGn-E3qc2NZcAOgJ', 'del_man_2', 'surname_2', '+61 399 050 177', true, true, -6);
insert into delivery_man (id, personal_code, name, surname, phone_number, is_available, is_active, user_id) values (-3, '2htYFJIM-o64I-951E-dYIV-qVloa67zaml7', 'del_man_3', 'surname_3', '+27 905 805 118', true, true, -7);
insert into delivery_man (id, personal_code, name, surname, phone_number, is_available, is_active, user_id) values (-4, 'pMrQVszJ-7w5X-i2s6-Gj3r-YyF9SL4BuHF3', 'del_man_4', 'surname_4', '+74 935 745 839', true, true, -8);
insert into delivery_man (id, personal_code, name, surname, phone_number, is_available, is_active, user_id) values (-5, '38mF3aXp-2Cdj-86ys-JruQ-hbNJ222L1142', 'del_man_5', 'surname_5', '+92 119 865 741', true, true, -9);
insert into delivery_man (id, personal_code, name, surname, phone_number, is_available, is_active, user_id) values (-6, 'whCgdSB3-XJ4W-EE8o-03uM-S4pgd344I21x', 'del_man_6', 'surname_6', '+32 635 507 758', true, true, -10);
insert into delivery_man (id, personal_code, name, surname, phone_number, is_available, is_active, user_id) values (-7, '929tJ4SV-2htJ-E0VR-tUQ5-U9J660QT673i', 'del_man_7', 'surname_7', '+08 553 331 828', true, true, -11);
insert into delivery_man (id, personal_code, name, surname, phone_number, is_available, is_active, user_id) values (-8, 'npILT60V-2y06-Z6uK-26kY-Nnh4G475vYWE', 'del_man_8', 'surname_8', '+50 718 513 955', true, true, -12);
insert into delivery_man (id, personal_code, name, surname, phone_number, is_available, is_active, user_id) values (-9, 'GP38Ou4V-bq80-y5X3-bhj1-2ve8O7y0smFM', 'del_man_9', 'surname_9', '+04 184 674 797', true, true, -13);
insert into delivery_man (id, personal_code, name, surname, phone_number, is_available, is_active, user_id) values (-10, 'l2VB3EQ4-i4Xv-lFh5-mGUH-5e7bfx02kmAx', 'del_man_10', 'surname_10', '+47 839 286 313', true, true, -14);
insert into delivery_man (id, personal_code, name, surname, phone_number, is_available, is_active, user_id) values (-11, '7vFQ71c6-w5zH-h75t-30Xf-Bw7Bzm0sl3gU', 'del_man_11', 'surname_11', '+71 203 500 961', true, true, -15);
insert into delivery_man (id, personal_code, name, surname, phone_number, is_available, is_active, user_id) values (-12, '3zY4h466-hjZJ-XXtc-35U1-4JOlS0w8m5qw', 'del_man_12', 'surname_12', '+93 981 149 383', true, true, -16);
insert into delivery_man (id, personal_code, name, surname, phone_number, is_available, is_active, user_id) values (-13, 'wR4wy22D-ryu2-1h7F-4NxB-wJ915672dm1x', 'del_man_13', 'surname_13', '+79 313 730 372', true, true, -17);
insert into delivery_man (id, personal_code, name, surname, phone_number, is_available, is_active, user_id) values (-14, '8vo3Cq96-8C4i-552M-JL9c-6JLdWMQEHPOP', 'del_man_14', 'surname_14', '+35 345 530 194', true, true, -18);
insert into delivery_man (id, personal_code, name, surname, phone_number, is_available, is_active, user_id) values (-15, '2L75knf5-w126-F017-YD6x-qZlvaDQOZVKH', 'del_man_15', 'surname_15', '+74 658 868 905', true, true, -19);
insert into delivery_man (id, personal_code, name, surname, phone_number, is_available, is_active, user_id) values (-16, '394q3Trq-V5Ls-td89-7HaB-666nQ0GQR7up', 'del_man_16', 'surname_16', '+72 734 790 653', true, true, -20);
insert into delivery_man (id, personal_code, name, surname, phone_number, is_available, is_active, user_id) values (-17, 'E0XZATem-L9uH-31n6-94fU-UpkDHupn4UZ5', 'del_man_17', 'surname_17', '+19 688 129 162', true, true, -21);
insert into delivery_man (id, personal_code, name, surname, phone_number, is_available, is_active, user_id) values (-18, 'y25roW3g-q5G2-ihK7-oKGU-V23dJJqEf779', 'del_man_18', 'surname_18', '+26 793 582 923', true, true, -22);
insert into delivery_man (id, personal_code, name, surname, phone_number, is_available, is_active, user_id) values (-19, 'ohu08bU9-NG7h-dlGA-HWjr-Q1SecyMSvvfh', 'del_man_19', 'surname_19', '+83 024 453 703', true, true, -23);
insert into delivery_man (id, personal_code, name, surname, phone_number, is_available, is_active, user_id) values (-20, 'bD55keQK-j7IH-Xq65-gyh5-2SuygUuvR8Ph', 'del_man_20', 'surname_20', '+55 984 796 528', true, true, -24);
insert into delivery_man (id, personal_code, name, surname, phone_number, is_available, is_active, user_id) values (-21, 'OO2elQDO-lu2P-36YN-56Vm-3Ufs98KIvRtD', 'del_man_21', 'surname_21', '+00 150 389 238', true, true, -25);
insert into delivery_man (id, personal_code, name, surname, phone_number, is_available, is_active, user_id) values (-22, 'ZI7opz9D-1i1I-Qoqh-ibsB-HriozwTwGWL1', 'del_man_22', 'surname_22', '+61 356 095 689', true, true, -26);
insert into delivery_man (id, personal_code, name, surname, phone_number, is_available, is_active, user_id) values (-23, 'YGqgt35y-9fL3-2QAV-z5Jm-0F1nTYPL7MqP', 'del_man_23', 'surname_23', '+05 707 879 316', true, true, -27);
insert into delivery_man (id, personal_code, name, surname, phone_number, is_available, is_active, user_id) values (-24, 'oOPo9PoH-Nwk4-voLw-4280-6obsLo4so9Gn', 'del_man_24', 'surname_24', '+14 648 718 403', true, true, -28);
insert into delivery_man (id, personal_code, name, surname, phone_number, is_available, is_active, user_id) values (-25, 'j16Gd5q6-YhXY-OG7y-3pPk-Nv2aIRI23MOB', 'del_man_25', 'surname_25', '+53 959 515 409', true, true, -29);
insert into delivery_man (id, personal_code, name, surname, phone_number, is_available, is_active, user_id) values (-26, '94os7Ymz-9OVI-J44p-7beg-Gw64wYwx4d6W', 'del_man_26', 'surname_26', '+75 270 096 945', true, true, -30);
insert into delivery_man (id, personal_code, name, surname, phone_number, is_available, is_active, user_id) values (-27, 'Vf7fGMgk-it4f-m1ee-82jt-3BmXOlY3ICPs', 'del_man_27', 'surname_27', '+31 202 568 822', true, true, -31);
insert into delivery_man (id, personal_code, name, surname, phone_number, is_available, is_active, user_id) values (-28, 'Pr9M557z-xCm9-5pE4-6934-VMo75wmjq014', 'del_man_28', 'surname_28', '+75 265 808 608', true, true, -32);
insert into delivery_man (id, personal_code, name, surname, phone_number, is_available, is_active, user_id) values (-29, 'LTTTDk49-42Rp-ekn1-O93b-m5MCJZyb85nc', 'del_man_29', 'surname_29', '+94 667 417 859', true, true, -33);
insert into delivery_man (id, personal_code, name, surname, phone_number, is_available, is_active, user_id) values (-30, 'u3Efm48n-ff6E-kJ44-l0Da-AhaycMW07oLc', 'del_man_30', 'surname_30', '+84 061 132 181', true, true, -34);
insert into delivery_man (id, personal_code, name, surname, phone_number, is_available, is_active, user_id) values (-31, 'YsO94T6h-wyr3-1W8F-3Dc8-90JEHk1Mml48', 'del_man_31', 'surname_31', '+97 906 422 006', true, true, -35);
insert into delivery_man (id, personal_code, name, surname, phone_number, is_available, is_active, user_id) values (-32, 'ie4c25hL-6tR5-sS7s-JYoj-43oQxcOhe6jd', 'del_man_32', 'surname_32', '+41 771 706 140', true, true, -36);
insert into delivery_man (id, personal_code, name, surname, phone_number, is_available, is_active, user_id) values (-33, '721ZAfQU-5Cqo-HOb6-wS2O-46xF1GzNiB0v', 'del_man_33', 'surname_33', '+63 906 344 509', true, true, -37);
insert into delivery_man (id, personal_code, name, surname, phone_number, is_available, is_active, user_id) values (-34, 'HJ4hd4TX-wVWD-k8wR-48FY-nEHowy94G043', 'del_man_34', 'surname_34', '+27 614 716 422', true, true, -38);
insert into delivery_man (id, personal_code, name, surname, phone_number, is_available, is_active, user_id) values (-35, 'LyqjG3Me-A55v-4Df0-3HDB-BAt1n5Q4xXY3', 'del_man_35', 'surname_35', '+51 785 165 365', true, true, -39);
insert into delivery_man (id, personal_code, name, surname, phone_number, is_available, is_active, user_id) values (-36, 'A0C6LPVZ-IYFJ-6yIS-V2qz-tHX56yi2y42E', 'del_man_36', 'surname_36', '+52 675 803 821', true, true, -40);
insert into delivery_man (id, personal_code, name, surname, phone_number, is_available, is_active, user_id) values (-37, 'JFzSKBec-8nTo-zI3m-4Naa-r4pH5eVxH8K6', 'del_man_37', 'surname_37', '+56 189 827 448', true, true, -41);
insert into delivery_man (id, personal_code, name, surname, phone_number, is_available, is_active, user_id) values (-38, '326MUk7S-7H34-u0k2-gk8r-QT0Jv0fJkg0D', 'del_man_38', 'surname_38', '+44 443 517 199', true, true, -42);
insert into delivery_man (id, personal_code, name, surname, phone_number, is_available, is_active, user_id) values (-39, '1ZQg7vX6-ni0E-ZfH6-BGa4-c7JT69uYCzd4', 'del_man_39', 'surname_39', '+06 020 151 631', true, true, -43);
insert into delivery_man (id, personal_code, name, surname, phone_number, is_available, is_active, user_id) values (-40, 'DtNDD691-9gM0-x7uN-v06f-suck2h8ZZwS3', 'del_man_40', 'surname_40', '+51 628 587 153', true, true, -44);
insert into delivery_man (id, personal_code, name, surname, phone_number, is_available, is_active, user_id) values (-41, 'Qq0Ju623-jbJ4-j6gC-g1tQ-6h9LDHyNvSHr', 'del_man_41', 'surname_41', '+44 445 673 124', true, true, -45);
insert into delivery_man (id, personal_code, name, surname, phone_number, is_available, is_active, user_id) values (-42, '0m1eA5Yz-xC36-meM3-k11P-0V5aiN9EW7g3', 'del_man_42', 'surname_42', '+13 380 850 273', true, true, -46);
insert into delivery_man (id, personal_code, name, surname, phone_number, is_available, is_active, user_id) values (-43, 'B5KwDVbU-Eo6m-9D1M-f1L6-J94bai7ecB28', 'del_man_43', 'surname_43', '+26 091 472 392', true, true, -47);
insert into delivery_man (id, personal_code, name, surname, phone_number, is_available, is_active, user_id) values (-44, 'Ymso1V0Y-z2Xf-9ZIe-4Yki-OBm2ijM7tS8D', 'del_man_44', 'surname_44', '+37 323 762 127', true, true, -48);
insert into delivery_man (id, personal_code, name, surname, phone_number, is_available, is_active, user_id) values (-45, 'V9G160c0-KE51-Bw54-qXb1-34H3Lp593hi7', 'del_man_45', 'surname_45', '+49 345 364 523', true, true, -49);
insert into delivery_man (id, personal_code, name, surname, phone_number, is_available, is_active, user_id) values (-46, 'mkzby93p-wx0L-8MWy-OfpW-R7FCNusYj892', 'del_man_46', 'surname_46', '+81 751 662 595', true, true, -50);
insert into delivery_man (id, personal_code, name, surname, phone_number, is_available, is_active, user_id) values (-47, 'tp2TJ96D-kN3w-IsHv-zHB6-ZT29X05sM2DF', 'del_man_47', 'surname_47', '+68 960 763 398', true, true, -51);
insert into delivery_man (id, personal_code, name, surname, phone_number, is_available, is_active, user_id) values (-48, 'y0oK8ceD-2X1b-fQ1C-ph6D-a9Z4C963l6yS', 'del_man_48', 'surname_48', '+49 950 356 407', true, true, -52);
insert into delivery_man (id, personal_code, name, surname, phone_number, is_available, is_active, user_id) values (-49, '8C94Yzyg-A163-y2G8-eO50-uuuweTKUfiY7', 'del_man_49', 'surname_49', '+01 818 997 767', true, true, -53);
insert into delivery_man (id, personal_code, name, surname, phone_number, is_available, is_active, user_id) values (-50, 'A8F0kxpS-2OCj-3ppp-nRl0-Gg81ZHk6o3DB', 'del_man_50', 'surname_50', '+49 897 354 918', true, true, -54);
insert into delivery_man (id, personal_code, name, surname, phone_number, is_available, is_active, user_id) values (-51, 'rGTUXgo5-TG7v-3hV5-yZ27-G12XDQ4DOhb2', 'del_man_51', 'surname_51', '+10 094 944 954', true, true, -55);
insert into delivery_man (id, personal_code, name, surname, phone_number, is_available, is_active, user_id) values (-52, 'Jz4o55W1-znat-rmXG-Jkny-w2va0uwKC171', 'del_man_52', 'surname_52', '+99 157 201 457', true, true, -56);
insert into delivery_man (id, personal_code, name, surname, phone_number, is_available, is_active, user_id) values (-53, 'BdZ3lkSd-BK2D-WYL3-1sMV-Gu4ni4Uhfm38', 'del_man_53', 'surname_53', '+33 681 781 815', true, true, -57);
insert into delivery_man (id, personal_code, name, surname, phone_number, is_available, is_active, user_id) values (-54, 'jT9FEmDE-ZLC5-gQ3S-7x2i-YLFq67iAe09H', 'del_man_54', 'surname_54', '+89 266 318 389', true, true, -58);
insert into delivery_man (id, personal_code, name, surname, phone_number, is_available, is_active, user_id) values (-55, '31rL37dx-4nfb-56Ok-UOCj-O7WVVeeud2yT', 'del_man_55', 'surname_55', '+17 567 051 256', true, true, -59);
insert into delivery_man (id, personal_code, name, surname, phone_number, is_available, is_active, user_id) values (-56, 'NVCWUxP3-G5ua-UbKA-1Lh0-2rj2P8O48611', 'del_man_56', 'surname_56', '+49 979 683 034', true, true, -60);
insert into delivery_man (id, personal_code, name, surname, phone_number, is_available, is_active, user_id) values (-57, '9IEHsD1R-ljj0-6zVu-KjQu-6f7i3t83C2Bj', 'del_man_57', 'surname_57', '+20 435 609 141', true, true, -61);
insert into delivery_man (id, personal_code, name, surname, phone_number, is_available, is_active, user_id) values (-58, 'a8w9ltjX-x2vs-014h-4CgY-sv5Ns2FNjZc0', 'del_man_58', 'surname_58', '+63 987 835 905', true, true, -62);
insert into delivery_man (id, personal_code, name, surname, phone_number, is_available, is_active, user_id) values (-59, 'QK846575-0S44-ABOd-VT5z-TpS3rFcObTt4', 'del_man_59', 'surname_59', '+69 538 335 070', true, true, -63);
insert into delivery_man (id, personal_code, name, surname, phone_number, is_available, is_active, user_id) values (-60, 'PTMvWp0g-p8Q4-1fDb-p8YB-hwFR1Iv8Z99l', 'del_man_60', 'surname_60', '+40 476 917 477', true, true, -64);
insert into delivery_man (id, personal_code, name, surname, phone_number, is_available, is_active, user_id) values (-61, '321781gY-9bht-k9FE-0nHt-z05oyzcgUUhk', 'del_man_61', 'surname_61', '+39 739 958 306', true, true, -65);
insert into delivery_man (id, personal_code, name, surname, phone_number, is_available, is_active, user_id) values (-62, 'Q8wBRtvi-QH44-870I-Enl7-gMf35GouR8YS', 'del_man_62', 'surname_62', '+54 700 252 015', true, true, -66);
insert into delivery_man (id, personal_code, name, surname, phone_number, is_available, is_active, user_id) values (-63, 'd94i7Vlr-57Fd-sBdC-0mNc-Yx1Rcl87GW4Q', 'del_man_63', 'surname_63', '+27 059 569 375', true, true, -67);
insert into delivery_man (id, personal_code, name, surname, phone_number, is_available, is_active, user_id) values (-64, 'Xe5Brplx-0l6Q-LxQ1-bzcl-Hc2F8GxST2PF', 'del_man_64', 'surname_64', '+81 585 591 165', true, true, -68);
insert into delivery_man (id, personal_code, name, surname, phone_number, is_available, is_active, user_id) values (-65, 'r39u3NrE-2W52-P14I-pcvR-SZTdiyXlzQ3J', 'del_man_65', 'surname_65', '+03 934 912 490', true, true, -69);
insert into delivery_man (id, personal_code, name, surname, phone_number, is_available, is_active, user_id) values (-66, 'rTzmq1u0-qhJw-m80r-ju75-0yuvsTQM2bll', 'del_man_66', 'surname_66', '+79 675 243 755', true, true, -70);
insert into delivery_man (id, personal_code, name, surname, phone_number, is_available, is_active, user_id) values (-67, 'ighEJc4O-c9do-11zP-HwGB-1C68GcYV061R', 'del_man_67', 'surname_67', '+46 147 223 719', true, true, -71);
insert into delivery_man (id, personal_code, name, surname, phone_number, is_available, is_active, user_id) values (-68, 'fh4fA376-uKE7-3hp3-zF6L-RkRfj35b9Ll5', 'del_man_68', 'surname_68', '+32 443 410 336', true, true, -72);
insert into delivery_man (id, personal_code, name, surname, phone_number, is_available, is_active, user_id) values (-69, '0eukki0D-bfFA-o3r9-fhY5-B82sx5WhuE2V', 'del_man_69', 'surname_69', '+16 826 793 793', true, true, -73);
insert into delivery_man (id, personal_code, name, surname, phone_number, is_available, is_active, user_id) values (-70, 'fQA8duvw-Nll7-fw6F-16F1-Ce2N1n7I94Hq', 'del_man_70', 'surname_70', '+04 240 114 399', true, true, -74);
insert into delivery_man (id, personal_code, name, surname, phone_number, is_available, is_active, user_id) values (-71, 'dRTjt6aA-Cg3p-5fj3-TuI8-v70DwRMvZJ3p', 'del_man_71', 'surname_71', '+63 211 441 410', true, true, -75);
insert into delivery_man (id, personal_code, name, surname, phone_number, is_available, is_active, user_id) values (-72, 'ES4Q575Y-DtKM-U3Od-5xen-oSs8l5iV6RD3', 'del_man_72', 'surname_72', '+86 457 673 481', true, true, -76);
insert into delivery_man (id, personal_code, name, surname, phone_number, is_available, is_active, user_id) values (-73, 'XfT61gb1-2aSz-gx1C-8BMY-5L4N7si03Hep', 'del_man_73', 'surname_73', '+60 674 357 044', true, true, -77);
insert into delivery_man (id, personal_code, name, surname, phone_number, is_available, is_active, user_id) values (-74, 'Xc5SxCdK-XLVU-qdSx-y8nw-4MOcTWTAkWK1', 'del_man_74', 'surname_74', '+54 419 660 650', true, true, -78);
insert into delivery_man (id, personal_code, name, surname, phone_number, is_available, is_active, user_id) values (-75, 'jGfWZg3z-Cj5i-JBBi-t24x-27t1zj11KzMy', 'del_man_75', 'surname_75', '+46 750 331 602', true, true, -79);
insert into delivery_man (id, personal_code, name, surname, phone_number, is_available, is_active, user_id) values (-76, 'p1xgz4jP-pnJ7-5zYv-Fq23-54xJOSGXT66R', 'del_man_76', 'surname_76', '+53 373 446 262', true, true, -80);
insert into delivery_man (id, personal_code, name, surname, phone_number, is_available, is_active, user_id) values (-77, '1mfGZPQV-4BsF-7QP8-JHIJ-8OEi1a1EFY5I', 'del_man_77', 'surname_77', '+69 987 641 738', true, true, -81);
insert into delivery_man (id, personal_code, name, surname, phone_number, is_available, is_active, user_id) values (-78, 'f6e07Iad-8mFX-2ska-SYKf-50h41wFRf24n', 'del_man_78', 'surname_78', '+34 456 268 903', true, true, -82);
insert into delivery_man (id, personal_code, name, surname, phone_number, is_available, is_active, user_id) values (-79, 'fjyoQfQ2-rRI0-9bN7-33cA-C3gbi7iyE6h0', 'del_man_79', 'surname_79', '+94 771 030 291', true, true, -83);
insert into delivery_man (id, personal_code, name, surname, phone_number, is_available, is_active, user_id) values (-80, 'k6ljuA6s-g089-0kqZ-HP1P-xHTxgO7aL051', 'del_man_80', 'surname_80', '+84 252 189 863', true, true, -84);
insert into delivery_man (id, personal_code, name, surname, phone_number, is_available, is_active, user_id) values (-81, 'Moy120Je-950Y-0u7z-5R87-11r0z6g5D0m0', 'del_man_81', 'surname_81', '+41 681 088 380', true, true, -85);
insert into delivery_man (id, personal_code, name, surname, phone_number, is_available, is_active, user_id) values (-82, 'geag0lo6-2lzw-9EQX-8t89-K5ecp1W0eejE', 'del_man_82', 'surname_82', '+07 300 884 017', true, true, -86);
insert into delivery_man (id, personal_code, name, surname, phone_number, is_available, is_active, user_id) values (-83, 'SBoyyizU-MJ4g-I7B5-22e8-b6Fom68frdI8', 'del_man_83', 'surname_83', '+79 801 497 165', true, true, -87);
insert into delivery_man (id, personal_code, name, surname, phone_number, is_available, is_active, user_id) values (-84, 'r3PXun35-eAxE-bohr-616n-5YQ43X3GaAB0', 'del_man_84', 'surname_84', '+74 051 628 862', true, true, -88);
insert into delivery_man (id, personal_code, name, surname, phone_number, is_available, is_active, user_id) values (-85, 'jj8UBdjA-hn05-31K9-h0aH-Fgf62L54Jg9T', 'del_man_85', 'surname_85', '+77 564 623 448', true, true, -89);
insert into delivery_man (id, personal_code, name, surname, phone_number, is_available, is_active, user_id) values (-86, 'gl9G7BMO-yxAT-fGt1-ugXZ-ZY9m1n5M4oh0', 'del_man_86', 'surname_86', '+47 800 948 420', true, true, -90);
insert into delivery_man (id, personal_code, name, surname, phone_number, is_available, is_active, user_id) values (-87, 'A8zEU3G1-hpAf-78Gf-3n0D-UW5Y34Rn1f6z', 'del_man_87', 'surname_87', '+09 968 306 825', true, true, -91);
insert into delivery_man (id, personal_code, name, surname, phone_number, is_available, is_active, user_id) values (-88, 'nG96fHyN-Koy2-GXoD-eehh-E5ncbxbsz23I', 'del_man_88', 'surname_88', '+22 684 734 965', true, true, -92);
insert into delivery_man (id, personal_code, name, surname, phone_number, is_available, is_active, user_id) values (-89, 'N7Bbth1G-Q7o9-0E17-yjn8-UZZm720065G3', 'del_man_89', 'surname_89', '+83 855 163 449', true, true, -93);
insert into delivery_man (id, personal_code, name, surname, phone_number, is_available, is_active, user_id) values (-90, 'LJF3Wy7u-U1qO-3NuD-cH9f-nt6F8g3E7N2o', 'del_man_90', 'surname_90', '+65 862 800 579', true, true, -94);
insert into delivery_man (id, personal_code, name, surname, phone_number, is_available, is_active, user_id) values (-91, 'qhwXl73j-33uc-x4Q8-s50Z-JYxGPrz8y09u', 'del_man_91', 'surname_91', '+16 414 372 590', true, true, -95);
insert into delivery_man (id, personal_code, name, surname, phone_number, is_available, is_active, user_id) values (-92, 'ejoYGSWH-2lm5-42gP-BX1v-s5TnMM4ulH6w', 'del_man_92', 'surname_92', '+67 482 653 358', true, true, -96);
insert into delivery_man (id, personal_code, name, surname, phone_number, is_available, is_active, user_id) values (-93, 'd82k303f-f0k9-04fg-7tHU-1u8Cw861N71B', 'del_man_93', 'surname_93', '+00 447 119 281', true, true, -97);
insert into delivery_man (id, personal_code, name, surname, phone_number, is_available, is_active, user_id) values (-94, '15z7cM3K-vd6g-C3hW-bOfG-j16449MypVUC', 'del_man_94', 'surname_94', '+94 835 643 628', true, true, -98);
insert into delivery_man (id, personal_code, name, surname, phone_number, is_available, is_active, user_id) values (-95, 'q3u7WDKn-5yO8-0ifI-lqkT-X7idM9RSYke0', 'del_man_95', 'surname_95', '+16 378 530 321', true, true, -99);
insert into delivery_man (id, personal_code, name, surname, phone_number, is_available, is_active, user_id) values (-96, 'X9nSq4Dv-oH8s-azKF-R451-tb6Gi3Ja942x', 'del_man_96', 'surname_96', '+56 664 530 962', true, true, -100);
insert into delivery_man (id, personal_code, name, surname, phone_number, is_available, is_active, user_id) values (-97, '7Ve84K48-A9v0-2694-HKjX-WJbOG98mVzPj', 'del_man_97', 'surname_97', '+08 922 257 503', true, true, -101);
insert into delivery_man (id, personal_code, name, surname, phone_number, is_available, is_active, user_id) values (-98, 'Q2i5tHHl-bKII-m0oX-3z3J-HjBnz0e50fkg', 'del_man_98', 'surname_98', '+31 394 021 217', true, true, -102);
insert into delivery_man (id, personal_code, name, surname, phone_number, is_available, is_active, user_id) values (-99, 'DvM68QgD-7k4U-0OVc-GX33-A65ml9jwqGst', 'del_man_99', 'surname_99', '+44 393 855 402', true, true, -103);
insert into delivery_man (id, personal_code, name, surname, phone_number, is_available, is_active, user_id) values (-100, 'zQ7siFvQ-c965-51Ep-412Y-UNUv0a2484aJ', 'del_man_100', 'surname_100', '+59 417 488 298', true, true, -104);
insert into delivery_man (id, personal_code, name, surname, phone_number, is_available, is_active, user_id) values (-101, 'c2lbK04R-tzwO-lAKK-o4be-mf6B4bO6l3lV', 'del_man_101', 'surname_101', '+95 836 549 233', true, true, -105);
insert into delivery_man (id, personal_code, name, surname, phone_number, is_available, is_active, user_id) values (-102, 'pt6P83dh-8Jge-zB0t-2J5T-O3w2Zy6i0jA9', 'del_man_102', 'surname_102', '+10 734 217 932', true, true, -106);
insert into delivery_man (id, personal_code, name, surname, phone_number, is_available, is_active, user_id) values (-103, 'e0UTXOWM-b6FM-Tde5-5E7r-wUVqvx8u2V6O', 'del_man_103', 'surname_103', '+56 837 354 040', true, true, -107);
insert into delivery_man (id, personal_code, name, surname, phone_number, is_available, is_active, user_id) values (-104, 'aeSU4eu0-pPQ5-5WX0-49By-egSafo09Y393', 'del_man_104', 'surname_104', '+94 881 324 479', true, true, -108);
insert into delivery_man (id, personal_code, name, surname, phone_number, is_available, is_active, user_id) values (-105, 'UF3cXC5M-zonW-r65Z-8N8h-366H6C3vxmm8', 'del_man_105', 'surname_105', '+39 176 346 362', true, true, -109);
insert into delivery_man (id, personal_code, name, surname, phone_number, is_available, is_active, user_id) values (-106, '7f12rWHZ-2pWN-FUBA-9Vxq-rNvzRW1ZZSCJ', 'del_man_106', 'surname_106', '+92 364 632 460', true, true, -110);
insert into delivery_man (id, personal_code, name, surname, phone_number, is_available, is_active, user_id) values (-107, 'Ig7Ap4N0-f138-ngLj-yvK9-8B4361qqx4i1', 'del_man_107', 'surname_107', '+24 519 955 414', true, true, -111);
insert into delivery_man (id, personal_code, name, surname, phone_number, is_available, is_active, user_id) values (-108, 'snXW62gl-SyJ3-V5Xo-A4Fr-P30m0Qdfq8Kv', 'del_man_108', 'surname_108', '+53 403 950 635', true, true, -112);
insert into delivery_man (id, personal_code, name, surname, phone_number, is_available, is_active, user_id) values (-109, '6V45mnyP-6MJV-9HJ8-2a3f-6cr8jDpR8f6a', 'del_man_109', 'surname_109', '+15 301 696 072', true, true, -113);
insert into delivery_man (id, personal_code, name, surname, phone_number, is_available, is_active, user_id) values (-110, 'PqrkSITA-p2ak-Va72-QHvd-c0F1EZKN3h56', 'del_man_110', 'surname_110', '+53 391 844 754', true, true, -114);
insert into delivery_man (id, personal_code, name, surname, phone_number, is_available, is_active, user_id) values (-111, 'pZ2rYpnI-T1u8-mcm4-7UFV-casqYtjR8qj7', 'del_man_111', 'surname_111', '+95 827 438 802', true, true, -115);
insert into delivery_man (id, personal_code, name, surname, phone_number, is_available, is_active, user_id) values (-112, 'kLS1IwGp-M7SU-I6aN-FDWL-O1PvuqeUqLnc', 'del_man_112', 'surname_112', '+31 694 840 829', true, true, -116);
insert into delivery_man (id, personal_code, name, surname, phone_number, is_available, is_active, user_id) values (-113, 'mS3257Ku-v5wT-b92i-Ocs3-xd1W1tSfrh94', 'del_man_113', 'surname_113', '+36 117 659 741', true, true, -117);
insert into delivery_man (id, personal_code, name, surname, phone_number, is_available, is_active, user_id) values (-114, 'HPc738y4-7g37-3I8m-OKrX-NROhq8468b06', 'del_man_114', 'surname_114', '+93 585 895 047', true, true, -118);
insert into delivery_man (id, personal_code, name, surname, phone_number, is_available, is_active, user_id) values (-115, 'EfB3999o-559u-k9aD-Yn7t-CUPOnjO9hg71', 'del_man_115', 'surname_115', '+98 777 315 689', true, true, -119);
insert into delivery_man (id, personal_code, name, surname, phone_number, is_available, is_active, user_id) values (-116, '0n7vdrzj-LLRw-mRfb-uBqD-9UM596Ca7Q7z', 'del_man_116', 'surname_116', '+65 611 760 842', true, true, -120);
insert into delivery_man (id, personal_code, name, surname, phone_number, is_available, is_active, user_id) values (-117, '92Y2cN9K-70RR-Bl37-Uakj-rH5UR425k0Kj', 'del_man_117', 'surname_117', '+48 287 819 778', true, true, -121);
insert into delivery_man (id, personal_code, name, surname, phone_number, is_available, is_active, user_id) values (-118, 'Ma7jy0Sh-Lt7V-2bL6-9O7B-Am0kuIdszato', 'del_man_118', 'surname_118', '+38 079 980 611', true, true, -122);
insert into delivery_man (id, personal_code, name, surname, phone_number, is_available, is_active, user_id) values (-119, 'SHk74Af8-n6q7-nYl8-lzY1-S1DmV05u3nFr', 'del_man_119', 'surname_119', '+37 944 959 098', true, true, -123);
insert into delivery_man (id, personal_code, name, surname, phone_number, is_available, is_active, user_id) values (-120, 'xcmnA3CP-8sdP-Oole-spEy-pnfiJH00um0S', 'del_man_120', 'surname_120', '+34 250 800 729', true, true, -124);
insert into delivery_man (id, personal_code, name, surname, phone_number, is_available, is_active, user_id) values (-121, '3l74pR67-F059-W1Iv-t0v4-NWBkwmMC3VBA', 'del_man_121', 'surname_121', '+09 894 103 296', true, true, -125);
insert into delivery_man (id, personal_code, name, surname, phone_number, is_available, is_active, user_id) values (-122, 'XRbUShKM-PY4q-4TQy-7l32-OM81QYF8eXDk', 'del_man_122', 'surname_122', '+30 678 277 020', true, true, -126);
insert into delivery_man (id, personal_code, name, surname, phone_number, is_available, is_active, user_id) values (-123, 'X8i3Wrf9-dKQb-Q8f4-926k-73E0cmKS2Fps', 'del_man_123', 'surname_123', '+10 218 235 311', true, true, -127);
insert into delivery_man (id, personal_code, name, surname, phone_number, is_available, is_active, user_id) values (-124, 'QBRIQSld-Y9UW-8g4A-78uX-78btnDy7trhx', 'del_man_124', 'surname_124', '+77 703 847 541', true, true, -128);
insert into delivery_man (id, personal_code, name, surname, phone_number, is_available, is_active, user_id) values (-125, '985zdu83-15MP-Rf85-FLSH-YiI276h1OwOB', 'del_man_125', 'surname_125', '+05 147 844 874', true, true, -129);
insert into delivery_man (id, personal_code, name, surname, phone_number, is_available, is_active, user_id) values (-126, 'nnUr3Mml-B2d2-wpGM-xC37-2d73l50itdI6', 'del_man_126', 'surname_126', '+72 812 450 151', true, true, -130);
insert into delivery_man (id, personal_code, name, surname, phone_number, is_available, is_active, user_id) values (-127, '120Ylx44-hOIF-xF4y-urmT-Q86a082Q122z', 'del_man_127', 'surname_127', '+18 747 705 108', true, true, -131);
insert into delivery_man (id, personal_code, name, surname, phone_number, is_available, is_active, user_id) values (-128, 'W5i05Mjr-Kkfl-8M6m-u46I-hw6t2Gy6sHjJ', 'del_man_128', 'surname_128', '+40 545 015 340', true, true, -132);
insert into delivery_man (id, personal_code, name, surname, phone_number, is_available, is_active, user_id) values (-129, 'Hce1645u-oePQ-MRU5-KhCM-sx6ZpSnMJH5J', 'del_man_129', 'surname_129', '+51 422 481 902', true, true, -133);
insert into delivery_man (id, personal_code, name, surname, phone_number, is_available, is_active, user_id) values (-130, '68s3q7Z3-57sH-H22l-7SZA-Z5eUy1o8YCD3', 'del_man_130', 'surname_130', '+52 856 462 571', true, true, -134);
insert into delivery_man (id, personal_code, name, surname, phone_number, is_available, is_active, user_id) values (-131, 'Q21Co1rU-A266-9480-t847-zAVlG21pPsS7', 'del_man_131', 'surname_131', '+00 940 138 588', true, true, -135);
insert into delivery_man (id, personal_code, name, surname, phone_number, is_available, is_active, user_id) values (-132, '3Lp06ZxZ-hFK8-Ba85-1uma-oj9yEQ4F1MIO', 'del_man_132', 'surname_132', '+02 258 793 992', true, true, -136);
insert into delivery_man (id, personal_code, name, surname, phone_number, is_available, is_active, user_id) values (-133, 'C69hMW5o-V0VH-ebal-1b3G-5752NnMEwQpn', 'del_man_133', 'surname_133', '+24 743 189 635', true, true, -137);
insert into delivery_man (id, personal_code, name, surname, phone_number, is_available, is_active, user_id) values (-134, '19WE76U8-az62-S64z-o1r6-6x87HNQb829R', 'del_man_134', 'surname_134', '+40 212 651 981', true, true, -138);
insert into delivery_man (id, personal_code, name, surname, phone_number, is_available, is_active, user_id) values (-135, '3KZz4HVH-GewM-cDVy-k7N3-HP6VSB3yw9y1', 'del_man_135', 'surname_135', '+49 884 802 985', true, true, -139);
insert into delivery_man (id, personal_code, name, surname, phone_number, is_available, is_active, user_id) values (-136, 'Pp414WtV-A4LQ-0v0E-nWsc-bx7R1j4YI75i', 'del_man_136', 'surname_136', '+85 961 195 714', true, true, -140);
insert into delivery_man (id, personal_code, name, surname, phone_number, is_available, is_active, user_id) values (-137, 'cY7TpP9J-gcv0-Tg8G-WK4C-QO94OmPPn6cM', 'del_man_137', 'surname_137', '+40 086 502 109', true, true, -141);
insert into delivery_man (id, personal_code, name, surname, phone_number, is_available, is_active, user_id) values (-138, '8g1R74Q9-3K0q-Qf71-tm79-20tbaP97W1tB', 'del_man_138', 'surname_138', '+99 425 265 803', true, true, -142);
insert into delivery_man (id, personal_code, name, surname, phone_number, is_available, is_active, user_id) values (-139, 'R3xHDBLb-82P8-bF6g-g9M4-hzTNJdiq5Kp9', 'del_man_139', 'surname_139', '+33 891 635 759', true, true, -143);
insert into delivery_man (id, personal_code, name, surname, phone_number, is_available, is_active, user_id) values (-140, '8c2CDE7I-yKxm-48w8-1t5n-198a217FWy1d', 'del_man_140', 'surname_140', '+75 994 267 077', true, true, -144);
insert into delivery_man (id, personal_code, name, surname, phone_number, is_available, is_active, user_id) values (-141, 'mnz9G6NH-oCjQ-MvA9-06jW-QHnD01V1l9a8', 'del_man_141', 'surname_141', '+08 596 745 839', true, true, -145);
insert into delivery_man (id, personal_code, name, surname, phone_number, is_available, is_active, user_id) values (-142, 'IPy9YcV9-Rwq9-gR77-3P61-O3Iiv825PO5r', 'del_man_142', 'surname_142', '+03 042 511 091', true, true, -146);
insert into delivery_man (id, personal_code, name, surname, phone_number, is_available, is_active, user_id) values (-143, 'SU6ehV92-3ujH-w51r-l26z-e4IXjP8Ki4K9', 'del_man_143', 'surname_143', '+79 711 450 328', true, true, -147);
insert into delivery_man (id, personal_code, name, surname, phone_number, is_available, is_active, user_id) values (-144, 'cZcAVsmK-2Lzx-eRFl-103Z-owP4a5184gj4', 'del_man_144', 'surname_144', '+99 605 589 505', true, true, -148);
insert into delivery_man (id, personal_code, name, surname, phone_number, is_available, is_active, user_id) values (-145, 'Wo4UyM31-8x8c-U7rC-85Qt-9nLGoy58AHVn', 'del_man_145', 'surname_145', '+05 831 593 367', true, true, -149);
insert into delivery_man (id, personal_code, name, surname, phone_number, is_available, is_active, user_id) values (-146, 'VDL3Xwrb-N6g0-9180-3619-EQ85p1rBwYTi', 'del_man_146', 'surname_146', '+01 228 071 887', true, true, -150);
insert into delivery_man (id, personal_code, name, surname, phone_number, is_available, is_active, user_id) values (-147, 'SKAyscGJ-64Wg-oj0E-a6MH-698LELJ3ouBQ', 'del_man_147', 'surname_147', '+41 209 966 312', true, true, -151);
insert into delivery_man (id, personal_code, name, surname, phone_number, is_available, is_active, user_id) values (-148, 'H98m2IkE-VmfV-dPPt-z485-em08UnA2Jc98', 'del_man_148', 'surname_148', '+47 774 814 105', true, true, -152);
insert into delivery_man (id, personal_code, name, surname, phone_number, is_available, is_active, user_id) values (-149, 'N307NZ5Q-1u1x-vUU9-0LuT-4Etm74QSF33C', 'del_man_149', 'surname_149', '+37 069 128 840', true, true, -153);
insert into delivery_man (id, personal_code, name, surname, phone_number, is_available, is_active, user_id) values (-150, '8oj8bZkK-0pu6-kD8O-2ELZ-zFC0GvPBX64w', 'del_man_150', 'surname_150', '+54 197 138 986', true, true, -154);
insert into delivery_man (id, personal_code, name, surname, phone_number, is_available, is_active, user_id) values (-151, 'LqC49WPr-3aiK-hzB1-2HFb-g4NFAQfhB29w', 'del_man_151', 'surname_151', '+18 146 224 539', true, true, -155);
insert into delivery_man (id, personal_code, name, surname, phone_number, is_available, is_active, user_id) values (-152, 'hkaU9pOC-ORFd-KO7E-nxWB-q3C6YxfUwTAa', 'del_man_152', 'surname_152', '+96 060 002 712', true, true, -156);
insert into delivery_man (id, personal_code, name, surname, phone_number, is_available, is_active, user_id) values (-153, '3Z7GOMML-W5x8-Gc24-PeNb-dGAX5YVLI4IM', 'del_man_153', 'surname_153', '+13 143 813 113', true, true, -157);
insert into delivery_man (id, personal_code, name, surname, phone_number, is_available, is_active, user_id) values (-154, 'ZjX600AX-64z4-Ad4P-8lI2-vqd939lnv0aF', 'del_man_154', 'surname_154', '+69 948 573 881', true, true, -158);
insert into delivery_man (id, personal_code, name, surname, phone_number, is_available, is_active, user_id) values (-155, 'P3bEMyM8-RVfd-ey9K-SX5U-6Vjoy57rm4Mv', 'del_man_155', 'surname_155', '+85 410 361 972', true, true, -159);
insert into delivery_man (id, personal_code, name, surname, phone_number, is_available, is_active, user_id) values (-156, 'c52v4c9J-85Zo-y50X-ir9r-Yc142XzRD60o', 'del_man_156', 'surname_156', '+98 762 276 404', true, true, -160);
insert into delivery_man (id, personal_code, name, surname, phone_number, is_available, is_active, user_id) values (-157, 'U1Y9lGe7-JK8E-VU05-V27Q-4e46oLHhXOY7', 'del_man_157', 'surname_157', '+77 089 126 306', true, true, -161);
insert into delivery_man (id, personal_code, name, surname, phone_number, is_available, is_active, user_id) values (-158, '1vGx6K53-J2xq-Z80Z-1qpJ-T628ymA3zP91', 'del_man_158', 'surname_158', '+02 857 355 878', true, true, -162);
insert into delivery_man (id, personal_code, name, surname, phone_number, is_available, is_active, user_id) values (-159, 'pMS9J9B5-Qzrt-a1t3-1syj-v7JpY2W63768', 'del_man_159', 'surname_159', '+20 897 311 575', true, true, -163);
insert into delivery_man (id, personal_code, name, surname, phone_number, is_available, is_active, user_id) values (-160, 'N5KF5NfT-zp4X-bHKv-mM41-rHIJ1He6d68K', 'del_man_160', 'surname_160', '+62 080 011 622', true, true, -164);
insert into delivery_man (id, personal_code, name, surname, phone_number, is_available, is_active, user_id) values (-161, 's0g2SAA0-26zI-Ldvb-M9dr-zTDwwT2IymMp', 'del_man_161', 'surname_161', '+18 973 601 933', true, true, -165);
insert into delivery_man (id, personal_code, name, surname, phone_number, is_available, is_active, user_id) values (-162, 'RW9a8ZVK-8mMY-WqVY-1MOS-x6Sjj3gNaKwo', 'del_man_162', 'surname_162', '+94 791 124 820', true, true, -166);
insert into delivery_man (id, personal_code, name, surname, phone_number, is_available, is_active, user_id) values (-163, 'OhnRhBwO-9Jc9-PF7O-D1FI-929A83OEE076', 'del_man_163', 'surname_163', '+37 566 044 061', true, true, -167);
insert into delivery_man (id, personal_code, name, surname, phone_number, is_available, is_active, user_id) values (-164, 'abygP4Nz-49IZ-SdD3-f59e-UJY80II82M98', 'del_man_164', 'surname_164', '+32 962 718 290', true, true, -168);
insert into delivery_man (id, personal_code, name, surname, phone_number, is_available, is_active, user_id) values (-165, '535SkUJo-Y6O1-x49r-82uw-b9E5sBw82Z6t', 'del_man_165', 'surname_165', '+32 530 623 843', true, true, -169);
insert into delivery_man (id, personal_code, name, surname, phone_number, is_available, is_active, user_id) values (-166, 'hmPoF1ui-5z08-wDZF-ZypY-3W8R9B33CLpI', 'del_man_166', 'surname_166', '+72 150 141 511', true, true, -170);
insert into delivery_man (id, personal_code, name, surname, phone_number, is_available, is_active, user_id) values (-167, 'NfW3eC1a-D3l8-IB4G-A7Ei-9zKR43P3FV2o', 'del_man_167', 'surname_167', '+28 676 188 007', true, true, -171);
insert into delivery_man (id, personal_code, name, surname, phone_number, is_available, is_active, user_id) values (-168, '3DLpcXqX-Ej07-LW2C-9d87-qTBz5NG8pjXf', 'del_man_168', 'surname_168', '+02 747 199 710', true, true, -172);
insert into delivery_man (id, personal_code, name, surname, phone_number, is_available, is_active, user_id) values (-169, '6I26EQOF-ttRY-Fz05-NTiB-6a04pV6PUF1u', 'del_man_169', 'surname_169', '+71 347 072 480', true, true, -173);
insert into delivery_man (id, personal_code, name, surname, phone_number, is_available, is_active, user_id) values (-170, 'RP915W3r-1bhO-JNfQ-ZI2j-4uT7cU746jw2', 'del_man_170', 'surname_170', '+19 950 928 345', true, true, -174);
insert into delivery_man (id, personal_code, name, surname, phone_number, is_available, is_active, user_id) values (-171, '98g0yCKf-76Me-tfIr-LNKj-Ttk4flu24fQ0', 'del_man_171', 'surname_171', '+63 956 437 801', true, true, -175);
insert into delivery_man (id, personal_code, name, surname, phone_number, is_available, is_active, user_id) values (-172, 'e81hU73Q-wGyO-A1uK-ev2a-dwp8JD6T7A6F', 'del_man_172', 'surname_172', '+70 687 909 535', true, true, -176);
insert into delivery_man (id, personal_code, name, surname, phone_number, is_available, is_active, user_id) values (-173, 'fz48DOMS-lju0-10It-3cM8-VN14sa8a2R9g', 'del_man_173', 'surname_173', '+08 026 634 232', true, true, -177);
insert into delivery_man (id, personal_code, name, surname, phone_number, is_available, is_active, user_id) values (-174, '523x853c-718O-tdb6-4eAF-SPssTIGZTwi9', 'del_man_174', 'surname_174', '+47 260 063 569', true, true, -178);
insert into delivery_man (id, personal_code, name, surname, phone_number, is_available, is_active, user_id) values (-175, '863dfD06-8R9y-hEj1-5vNH-3CHh2bh1X54A', 'del_man_175', 'surname_175', '+03 848 787 001', true, true, -179);
insert into delivery_man (id, personal_code, name, surname, phone_number, is_available, is_active, user_id) values (-176, 'qqI6Y7u4-xN2k-x5h0-pQch-KkAZGdNN2Wg2', 'del_man_176', 'surname_176', '+85 618 145 732', true, true, -180);
insert into delivery_man (id, personal_code, name, surname, phone_number, is_available, is_active, user_id) values (-177, 'BeaUrels-1JPs-4eg7-e9lk-4HlLEnvB4dWV', 'del_man_177', 'surname_177', '+33 328 859 785', true, true, -181);
insert into delivery_man (id, personal_code, name, surname, phone_number, is_available, is_active, user_id) values (-178, '869Po4u6-4H1w-hXti-O4jN-9V9eMjY329AC', 'del_man_178', 'surname_178', '+56 874 995 382', true, true, -182);
insert into delivery_man (id, personal_code, name, surname, phone_number, is_available, is_active, user_id) values (-179, '2ZPkJC7b-g217-XCAr-CFjx-s4S85t4pUmzB', 'del_man_179', 'surname_179', '+69 173 803 068', true, true, -183);
insert into delivery_man (id, personal_code, name, surname, phone_number, is_available, is_active, user_id) values (-180, 'kSxZgfki-5x3v-i3j3-5vw6-bQ6t8yes7J91', 'del_man_180', 'surname_180', '+61 852 591 157', true, true, -184);
insert into delivery_man (id, personal_code, name, surname, phone_number, is_available, is_active, user_id) values (-181, 'MC1v65Er-7UqZ-Vo5z-qoHN-JvR0U4Byb9aM', 'del_man_181', 'surname_181', '+80 468 612 047', true, true, -185);
insert into delivery_man (id, personal_code, name, surname, phone_number, is_available, is_active, user_id) values (-182, '1068Arow-c3F1-2ZcA-Vzby-SUCZmdY0MgaR', 'del_man_182', 'surname_182', '+51 577 308 797', true, true, -186);
insert into delivery_man (id, personal_code, name, surname, phone_number, is_available, is_active, user_id) values (-183, '1PRErrRF-9xdd-hyAj-A3mb-J2Vj5R3QFcM2', 'del_man_183', 'surname_183', '+06 203 445 537', true, true, -187);
insert into delivery_man (id, personal_code, name, surname, phone_number, is_available, is_active, user_id) values (-184, '736qsh4O-PH1L-K1AA-3x4D-PhFJG2eOP6DV', 'del_man_184', 'surname_184', '+96 457 162 210', true, true, -188);
insert into delivery_man (id, personal_code, name, surname, phone_number, is_available, is_active, user_id) values (-185, 'UhzrJf65-VR14-Cuut-UyRE-5Z61dTY2VS3O', 'del_man_185', 'surname_185', '+08 088 938 555', true, true, -189);
insert into delivery_man (id, personal_code, name, surname, phone_number, is_available, is_active, user_id) values (-186, 'i1IJQcV2-mY3S-ToUf-1736-d94X34l1V1r1', 'del_man_186', 'surname_186', '+12 502 219 892', true, true, -190);
insert into delivery_man (id, personal_code, name, surname, phone_number, is_available, is_active, user_id) values (-187, '73w44L91-57A5-7i0O-6GQw-FqE9863Nf806', 'del_man_187', 'surname_187', '+89 437 710 030', true, true, -191);
insert into delivery_man (id, personal_code, name, surname, phone_number, is_available, is_active, user_id) values (-188, '4913le4o-aYP5-Fbsy-6ABQ-E8920R8bEu1h', 'del_man_188', 'surname_188', '+71 925 550 889', true, true, -192);
insert into delivery_man (id, personal_code, name, surname, phone_number, is_available, is_active, user_id) values (-189, 'wlluVOrT-kt6L-403z-5Xzt-SxeF898tO52M', 'del_man_189', 'surname_189', '+32 610 466 296', true, true, -193);
insert into delivery_man (id, personal_code, name, surname, phone_number, is_available, is_active, user_id) values (-190, '1362otXF-nAFW-LJm7-CP6r-17eMEfU54aYa', 'del_man_190', 'surname_190', '+29 219 378 784', true, true, -194);
insert into delivery_man (id, personal_code, name, surname, phone_number, is_available, is_active, user_id) values (-191, '0xsPV291-Z863-yD8a-WJM0-w1L7dd72CuIx', 'del_man_191', 'surname_191', '+57 762 672 514', true, true, -195);
insert into delivery_man (id, personal_code, name, surname, phone_number, is_available, is_active, user_id) values (-192, '4755ZJLk-Tn8t-xCKT-dH26-rR157P8Y4ToC', 'del_man_192', 'surname_192', '+00 442 832 235', true, true, -196);
insert into delivery_man (id, personal_code, name, surname, phone_number, is_available, is_active, user_id) values (-193, '7M6mGVh1-Ks9j-7dqD-Oj99-hN2f623mxie6', 'del_man_193', 'surname_193', '+82 562 034 343', true, true, -197);
insert into delivery_man (id, personal_code, name, surname, phone_number, is_available, is_active, user_id) values (-194, 'ZrZvpn17-wh45-YHx1-g3Sp-cMHvKR3vG6ms', 'del_man_194', 'surname_194', '+05 524 553 936', true, true, -198);
insert into delivery_man (id, personal_code, name, surname, phone_number, is_available, is_active, user_id) values (-195, 'ql3370Mk-7G5b-MU3b-KeBd-4z6ZtXm7E3x0', 'del_man_195', 'surname_195', '+15 339 591 185', true, true, -199);
insert into delivery_man (id, personal_code, name, surname, phone_number, is_available, is_active, user_id) values (-196, '9F994J31-TYi7-Tu8X-63tk-A11SJ04M56RV', 'del_man_196', 'surname_196', '+73 437 487 290', true, true, -200);
insert into delivery_man (id, personal_code, name, surname, phone_number, is_available, is_active, user_id) values (-197, 'tKxI7vXN-9R3A-ebhS-bVq4-N5YZ6ZcL6MFD', 'del_man_197', 'surname_197', '+11 000 590 202', true, true, -201);
insert into delivery_man (id, personal_code, name, surname, phone_number, is_available, is_active, user_id) values (-198, '8jW2rO51-PzN8-86a9-4EnH-Ij15w4hSVoPH', 'del_man_198', 'surname_198', '+44 414 992 110', true, true, -202);
insert into delivery_man (id, personal_code, name, surname, phone_number, is_available, is_active, user_id) values (-199, 'ju4QP181-K0yC-3K61-ZvDD-20zr4Vl43Ery', 'del_man_199', 'surname_199', '+34 812 819 084', true, true, -203);
insert into delivery_man (id, personal_code, name, surname, phone_number, is_available, is_active, user_id) values (-200, 'cy46d28o-Y64z-SMfM-FVcv-dZKxrpB296NV', 'del_man_200', 'surname_200', '+70 294 772 790', true, true, -204);
insert into delivery_man (id, personal_code, name, surname, phone_number, is_available, is_active, user_id) values (-201, '4RV6oKh7-402I-wuvK-3Urq-1jqPQQ83NFH7', 'del_man_201', 'surname_201', '+46 184 440 504', true, true, -205);
